selection,site,wildtype,mutation,mut_escape,site_total_escape,site_max_escape,aa_mutation
REGN10933,331,N,A,0.00332,0.02906,0.0038,N331A
REGN10933,331,N,D,0.002249,0.02906,0.0038,N331D
REGN10933,331,N,E,0.001125,0.02906,0.0038,N331E
REGN10933,331,N,F,0.001125,0.02906,0.0038,N331F
REGN10933,331,N,G,0.001125,0.02906,0.0038,N331G
REGN10933,331,N,H,0.002029,0.02906,0.0038,N331H
REGN10933,331,N,I,0.001125,0.02906,0.0038,N331I
REGN10933,331,N,K,0.001125,0.02906,0.0038,N331K
REGN10933,331,N,L,0.003418,0.02906,0.0038,N331L
REGN10933,331,N,M,0.001125,0.02906,0.0038,N331M
REGN10933,331,N,P,0.0038,0.02906,0.0038,N331P
REGN10933,331,N,Q,0.001125,0.02906,0.0038,N331Q
REGN10933,331,N,R,0.001125,0.02906,0.0038,N331R
REGN10933,331,N,S,0.001125,0.02906,0.0038,N331S
REGN10933,331,N,T,0.001857,0.02906,0.0038,N331T
REGN10933,331,N,V,0.002269,0.02906,0.0038,N331V
REGN10933,332,I,A,0.00293,0.03811,0.005045,I332A
REGN10933,332,I,C,0.001125,0.03811,0.005045,I332C
REGN10933,332,I,D,0.003159,0.03811,0.005045,I332D
REGN10933,332,I,E,0.001125,0.03811,0.005045,I332E
REGN10933,332,I,F,0.001233,0.03811,0.005045,I332F
REGN10933,332,I,G,0.001856,0.03811,0.005045,I332G
REGN10933,332,I,H,0.001125,0.03811,0.005045,I332H
REGN10933,332,I,K,0.001125,0.03811,0.005045,I332K
REGN10933,332,I,L,0.005045,0.03811,0.005045,I332L
REGN10933,332,I,M,0.002626,0.03811,0.005045,I332M
REGN10933,332,I,N,0.002591,0.03811,0.005045,I332N
REGN10933,332,I,P,0.001125,0.03811,0.005045,I332P
REGN10933,332,I,Q,0.001125,0.03811,0.005045,I332Q
REGN10933,332,I,R,0.001125,0.03811,0.005045,I332R
REGN10933,332,I,S,0.00113,0.03811,0.005045,I332S
REGN10933,332,I,T,0.002418,0.03811,0.005045,I332T
REGN10933,332,I,V,0.001125,0.03811,0.005045,I332V
REGN10933,332,I,W,0.001125,0.03811,0.005045,I332W
REGN10933,332,I,Y,0.005004,0.03811,0.005045,I332Y
REGN10933,333,T,A,0.001125,0.02609,0.002874,T333A
REGN10933,333,T,C,0.002874,0.02609,0.002874,T333C
REGN10933,333,T,D,0.00175,0.02609,0.002874,T333D
REGN10933,333,T,E,0.001125,0.02609,0.002874,T333E
REGN10933,333,T,F,0.001125,0.02609,0.002874,T333F
REGN10933,333,T,G,0.001125,0.02609,0.002874,T333G
REGN10933,333,T,H,0.001485,0.02609,0.002874,T333H
REGN10933,333,T,K,0.001125,0.02609,0.002874,T333K
REGN10933,333,T,L,0.002234,0.02609,0.002874,T333L
REGN10933,333,T,M,0.001917,0.02609,0.002874,T333M
REGN10933,333,T,N,0.001448,0.02609,0.002874,T333N
REGN10933,333,T,P,0.001125,0.02609,0.002874,T333P
REGN10933,333,T,Q,0.001953,0.02609,0.002874,T333Q
REGN10933,333,T,R,0.001125,0.02609,0.002874,T333R
REGN10933,333,T,S,0.001125,0.02609,0.002874,T333S
REGN10933,333,T,V,0.001188,0.02609,0.002874,T333V
REGN10933,333,T,W,0.001125,0.02609,0.002874,T333W
REGN10933,333,T,Y,0.001125,0.02609,0.002874,T333Y
REGN10933,334,N,A,0.005325,0.1019,0.0292,N334A
REGN10933,334,N,C,0.002177,0.1019,0.0292,N334C
REGN10933,334,N,D,0.0282,0.1019,0.0292,N334D
REGN10933,334,N,E,0.006518,0.1019,0.0292,N334E
REGN10933,334,N,F,0.004503,0.1019,0.0292,N334F
REGN10933,334,N,G,0.001125,0.1019,0.0292,N334G
REGN10933,334,N,H,0.001645,0.1019,0.0292,N334H
REGN10933,334,N,I,0.0292,0.1019,0.0292,N334I
REGN10933,334,N,K,0.001125,0.1019,0.0292,N334K
REGN10933,334,N,L,0.00547,0.1019,0.0292,N334L
REGN10933,334,N,M,0.004644,0.1019,0.0292,N334M
REGN10933,334,N,P,0.001125,0.1019,0.0292,N334P
REGN10933,334,N,Q,0.00339,0.1019,0.0292,N334Q
REGN10933,334,N,R,0.001125,0.1019,0.0292,N334R
REGN10933,334,N,S,0.001125,0.1019,0.0292,N334S
REGN10933,334,N,T,0.001125,0.1019,0.0292,N334T
REGN10933,334,N,V,0.001125,0.1019,0.0292,N334V
REGN10933,334,N,Y,0.002955,0.1019,0.0292,N334Y
REGN10933,335,L,A,0.001125,0.05548,0.01894,L335A
REGN10933,335,L,C,0.01894,0.05548,0.01894,L335C
REGN10933,335,L,D,0.00249,0.05548,0.01894,L335D
REGN10933,335,L,E,0.002458,0.05548,0.01894,L335E
REGN10933,335,L,F,0.001125,0.05548,0.01894,L335F
REGN10933,335,L,G,0.001125,0.05548,0.01894,L335G
REGN10933,335,L,H,0.001125,0.05548,0.01894,L335H
REGN10933,335,L,I,0.001125,0.05548,0.01894,L335I
REGN10933,335,L,K,0.0035,0.05548,0.01894,L335K
REGN10933,335,L,M,0.002288,0.05548,0.01894,L335M
REGN10933,335,L,N,0.001125,0.05548,0.01894,L335N
REGN10933,335,L,P,0.004899,0.05548,0.01894,L335P
REGN10933,335,L,Q,0.001125,0.05548,0.01894,L335Q
REGN10933,335,L,R,0.001979,0.05548,0.01894,L335R
REGN10933,335,L,S,0.001757,0.05548,0.01894,L335S
REGN10933,335,L,T,0.001125,0.05548,0.01894,L335T
REGN10933,335,L,V,0.001125,0.05548,0.01894,L335V
REGN10933,335,L,W,0.002076,0.05548,0.01894,L335W
REGN10933,335,L,Y,0.004982,0.05548,0.01894,L335Y
REGN10933,336,C,G,0.01436,0.01436,0.01436,C336G
REGN10933,337,P,A,0.007468,0.04184,0.009428,P337A
REGN10933,337,P,C,0.001865,0.04184,0.009428,P337C
REGN10933,337,P,D,0.001133,0.04184,0.009428,P337D
REGN10933,337,P,E,0.002008,0.04184,0.009428,P337E
REGN10933,337,P,G,0.009428,0.04184,0.009428,P337G
REGN10933,337,P,H,0.005652,0.04184,0.009428,P337H
REGN10933,337,P,K,0.001125,0.04184,0.009428,P337K
REGN10933,337,P,L,0.003004,0.04184,0.009428,P337L
REGN10933,337,P,M,0.001125,0.04184,0.009428,P337M
REGN10933,337,P,N,0.001125,0.04184,0.009428,P337N
REGN10933,337,P,Q,0.002879,0.04184,0.009428,P337Q
REGN10933,337,P,R,0.002777,0.04184,0.009428,P337R
REGN10933,337,P,S,0.001125,0.04184,0.009428,P337S
REGN10933,337,P,T,0.001125,0.04184,0.009428,P337T
REGN10933,338,F,I,0.00532,0.0104,0.00532,F338I
REGN10933,338,F,L,0.001228,0.0104,0.00532,F338L
REGN10933,338,F,M,0.001605,0.0104,0.00532,F338M
REGN10933,338,F,W,0.001125,0.0104,0.00532,F338W
REGN10933,338,F,Y,0.001125,0.0104,0.00532,F338Y
REGN10933,339,G,A,0.005147,0.05246,0.00681,G339A
REGN10933,339,G,D,0.001125,0.05246,0.00681,G339D
REGN10933,339,G,E,0.004006,0.05246,0.00681,G339E
REGN10933,339,G,F,0.00681,0.05246,0.00681,G339F
REGN10933,339,G,H,0.002545,0.05246,0.00681,G339H
REGN10933,339,G,I,0.003589,0.05246,0.00681,G339I
REGN10933,339,G,K,0.004032,0.05246,0.00681,G339K
REGN10933,339,G,L,0.001158,0.05246,0.00681,G339L
REGN10933,339,G,M,0.001587,0.05246,0.00681,G339M
REGN10933,339,G,N,0.001125,0.05246,0.00681,G339N
REGN10933,339,G,P,0.003667,0.05246,0.00681,G339P
REGN10933,339,G,Q,0.002797,0.05246,0.00681,G339Q
REGN10933,339,G,R,0.002059,0.05246,0.00681,G339R
REGN10933,339,G,S,0.002759,0.05246,0.00681,G339S
REGN10933,339,G,T,0.001125,0.05246,0.00681,G339T
REGN10933,339,G,V,0.004748,0.05246,0.00681,G339V
REGN10933,339,G,W,0.002936,0.05246,0.00681,G339W
REGN10933,339,G,Y,0.001242,0.05246,0.00681,G339Y
REGN10933,340,E,A,0.003731,0.04217,0.008927,E340A
REGN10933,340,E,D,0.001198,0.04217,0.008927,E340D
REGN10933,340,E,G,0.008927,0.04217,0.008927,E340G
REGN10933,340,E,K,0.001594,0.04217,0.008927,E340K
REGN10933,340,E,L,0.002389,0.04217,0.008927,E340L
REGN10933,340,E,M,0.001125,0.04217,0.008927,E340M
REGN10933,340,E,N,0.006594,0.04217,0.008927,E340N
REGN10933,340,E,P,0.006002,0.04217,0.008927,E340P
REGN10933,340,E,Q,0.005502,0.04217,0.008927,E340Q
REGN10933,340,E,S,0.00398,0.04217,0.008927,E340S
REGN10933,340,E,T,0.001125,0.04217,0.008927,E340T
REGN10933,341,V,I,0.001125,0.002249,0.001125,V341I
REGN10933,341,V,L,0.001125,0.002249,0.001125,V341L
REGN10933,342,F,I,0.004056,0.01457,0.009387,F342I
REGN10933,342,F,L,0.009387,0.01457,0.009387,F342L
REGN10933,342,F,M,0.001125,0.01457,0.009387,F342M
REGN10933,344,A,E,0.001125,0.01249,0.005781,A344E
REGN10933,344,A,K,0.001125,0.01249,0.005781,A344K
REGN10933,344,A,N,0.001125,0.01249,0.005781,A344N
REGN10933,344,A,Q,0.001125,0.01249,0.005781,A344Q
REGN10933,344,A,R,0.005781,0.01249,0.005781,A344R
REGN10933,344,A,S,0.00221,0.01249,0.005781,A344S
REGN10933,345,T,A,0.0016,0.01565,0.004604,T345A
REGN10933,345,T,D,0.004604,0.01565,0.004604,T345D
REGN10933,345,T,E,0.001125,0.01565,0.004604,T345E
REGN10933,345,T,K,0.001836,0.01565,0.004604,T345K
REGN10933,345,T,P,0.001125,0.01565,0.004604,T345P
REGN10933,345,T,R,0.00235,0.01565,0.004604,T345R
REGN10933,345,T,S,0.003008,0.01565,0.004604,T345S
REGN10933,346,R,A,0.002079,0.07234,0.02114,R346A
REGN10933,346,R,C,0.002685,0.07234,0.02114,R346C
REGN10933,346,R,D,0.01348,0.07234,0.02114,R346D
REGN10933,346,R,E,0.001125,0.07234,0.02114,R346E
REGN10933,346,R,F,0.001125,0.07234,0.02114,R346F
REGN10933,346,R,G,0.001125,0.07234,0.02114,R346G
REGN10933,346,R,H,0.001125,0.07234,0.02114,R346H
REGN10933,346,R,I,0.001682,0.07234,0.02114,R346I
REGN10933,346,R,K,0.001125,0.07234,0.02114,R346K
REGN10933,346,R,L,0.02114,0.07234,0.02114,R346L
REGN10933,346,R,M,0.001772,0.07234,0.02114,R346M
REGN10933,346,R,N,0.002958,0.07234,0.02114,R346N
REGN10933,346,R,Q,0.00192,0.07234,0.02114,R346Q
REGN10933,346,R,S,0.005436,0.07234,0.02114,R346S
REGN10933,346,R,T,0.009405,0.07234,0.02114,R346T
REGN10933,346,R,V,0.001291,0.07234,0.02114,R346V
REGN10933,346,R,W,0.001125,0.07234,0.02114,R346W
REGN10933,346,R,Y,0.001744,0.07234,0.02114,R346Y
REGN10933,347,F,W,0.001125,0.001125,0.001125,F347W
REGN10933,348,A,D,0.001886,0.039,0.0197,A348D
REGN10933,348,A,E,0.003984,0.039,0.0197,A348E
REGN10933,348,A,G,0.002761,0.039,0.0197,A348G
REGN10933,348,A,H,0.001125,0.039,0.0197,A348H
REGN10933,348,A,K,0.0197,0.039,0.0197,A348K
REGN10933,348,A,N,0.002703,0.039,0.0197,A348N
REGN10933,348,A,P,0.001125,0.039,0.0197,A348P
REGN10933,348,A,Q,0.001125,0.039,0.0197,A348Q
REGN10933,348,A,S,0.00214,0.039,0.0197,A348S
REGN10933,348,A,Y,0.002455,0.039,0.0197,A348Y
REGN10933,349,S,N,0.001624,0.01141,0.009787,S349N
REGN10933,349,S,P,0.009787,0.01141,0.009787,S349P
REGN10933,351,Y,F,0.003538,0.007726,0.003538,Y351F
REGN10933,351,Y,H,0.00173,0.007726,0.003538,Y351H
REGN10933,351,Y,W,0.002458,0.007726,0.003538,Y351W
REGN10933,352,A,D,0.002814,0.01671,0.00329,A352D
REGN10933,352,A,E,0.001125,0.01671,0.00329,A352E
REGN10933,352,A,G,0.001125,0.01671,0.00329,A352G
REGN10933,352,A,H,0.001125,0.01671,0.00329,A352H
REGN10933,352,A,K,0.001125,0.01671,0.00329,A352K
REGN10933,352,A,M,0.001125,0.01671,0.00329,A352M
REGN10933,352,A,N,0.001302,0.01671,0.00329,A352N
REGN10933,352,A,Q,0.0,0.01671,0.00329,A352Q
REGN10933,352,A,R,0.001125,0.01671,0.00329,A352R
REGN10933,352,A,S,0.002555,0.01671,0.00329,A352S
REGN10933,352,A,Y,0.00329,0.01671,0.00329,A352Y
REGN10933,353,W,F,0.004599,0.004599,0.004599,W353F
REGN10933,354,N,A,0.001902,0.02257,0.008092,N354A
REGN10933,354,N,D,0.003839,0.02257,0.008092,N354D
REGN10933,354,N,G,0.001125,0.02257,0.008092,N354G
REGN10933,354,N,H,0.002443,0.02257,0.008092,N354H
REGN10933,354,N,K,0.001799,0.02257,0.008092,N354K
REGN10933,354,N,R,0.008092,0.02257,0.008092,N354R
REGN10933,354,N,S,0.001125,0.02257,0.008092,N354S
REGN10933,354,N,T,0.001125,0.02257,0.008092,N354T
REGN10933,354,N,V,0.001125,0.02257,0.008092,N354V
REGN10933,356,K,A,0.001125,0.03148,0.00622,K356A
REGN10933,356,K,E,0.004717,0.03148,0.00622,K356E
REGN10933,356,K,H,0.003361,0.03148,0.00622,K356H
REGN10933,356,K,I,0.002458,0.03148,0.00622,K356I
REGN10933,356,K,L,0.001125,0.03148,0.00622,K356L
REGN10933,356,K,M,0.001125,0.03148,0.00622,K356M
REGN10933,356,K,N,0.0,0.03148,0.00622,K356N
REGN10933,356,K,Q,0.003564,0.03148,0.00622,K356Q
REGN10933,356,K,R,0.001137,0.03148,0.00622,K356R
REGN10933,356,K,S,0.001125,0.03148,0.00622,K356S
REGN10933,356,K,T,0.00622,0.03148,0.00622,K356T
REGN10933,356,K,V,0.003986,0.03148,0.00622,K356V
REGN10933,356,K,Y,0.00154,0.03148,0.00622,K356Y
REGN10933,357,R,A,0.001125,0.0942,0.03308,R357A
REGN10933,357,R,C,0.03308,0.0942,0.03308,R357C
REGN10933,357,R,D,0.002275,0.0942,0.03308,R357D
REGN10933,357,R,E,0.008695,0.0942,0.03308,R357E
REGN10933,357,R,H,0.01082,0.0942,0.03308,R357H
REGN10933,357,R,I,0.006876,0.0942,0.03308,R357I
REGN10933,357,R,K,0.001125,0.0942,0.03308,R357K
REGN10933,357,R,L,0.007986,0.0942,0.03308,R357L
REGN10933,357,R,M,0.001125,0.0942,0.03308,R357M
REGN10933,357,R,N,0.002249,0.0942,0.03308,R357N
REGN10933,357,R,P,0.00683,0.0942,0.03308,R357P
REGN10933,357,R,Q,0.003249,0.0942,0.03308,R357Q
REGN10933,357,R,S,0.003075,0.0942,0.03308,R357S
REGN10933,357,R,T,0.001125,0.0942,0.03308,R357T
REGN10933,357,R,V,0.001125,0.0942,0.03308,R357V
REGN10933,357,R,W,0.002325,0.0942,0.03308,R357W
REGN10933,357,R,Y,0.001125,0.0942,0.03308,R357Y
REGN10933,358,I,C,0.001125,0.01617,0.005648,I358C
REGN10933,358,I,F,0.001125,0.01617,0.005648,I358F
REGN10933,358,I,L,0.001125,0.01617,0.005648,I358L
REGN10933,358,I,M,0.001125,0.01617,0.005648,I358M
REGN10933,358,I,V,0.004898,0.01617,0.005648,I358V
REGN10933,358,I,W,0.005648,0.01617,0.005648,I358W
REGN10933,358,I,Y,0.001125,0.01617,0.005648,I358Y
REGN10933,359,S,A,0.001125,0.0944,0.05346,S359A
REGN10933,359,S,C,0.00138,0.0944,0.05346,S359C
REGN10933,359,S,D,0.002441,0.0944,0.05346,S359D
REGN10933,359,S,E,0.002528,0.0944,0.05346,S359E
REGN10933,359,S,F,0.002771,0.0944,0.05346,S359F
REGN10933,359,S,G,0.001553,0.0944,0.05346,S359G
REGN10933,359,S,H,0.001125,0.0944,0.05346,S359H
REGN10933,359,S,I,0.003311,0.0944,0.05346,S359I
REGN10933,359,S,K,0.001125,0.0944,0.05346,S359K
REGN10933,359,S,N,0.001125,0.0944,0.05346,S359N
REGN10933,359,S,P,0.005483,0.0944,0.05346,S359P
REGN10933,359,S,Q,0.002234,0.0944,0.05346,S359Q
REGN10933,359,S,R,0.001996,0.0944,0.05346,S359R
REGN10933,359,S,T,0.001125,0.0944,0.05346,S359T
REGN10933,359,S,V,0.009362,0.0944,0.05346,S359V
REGN10933,359,S,W,0.05346,0.0944,0.05346,S359W
REGN10933,359,S,Y,0.002249,0.0944,0.05346,S359Y
REGN10933,360,N,D,0.002249,0.03206,0.01319,N360D
REGN10933,360,N,E,0.002641,0.03206,0.01319,N360E
REGN10933,360,N,K,0.003697,0.03206,0.01319,N360K
REGN10933,360,N,Q,0.01319,0.03206,0.01319,N360Q
REGN10933,360,N,R,0.002427,0.03206,0.01319,N360R
REGN10933,360,N,S,0.007853,0.03206,0.01319,N360S
REGN10933,361,C,E,0.02753,0.05331,0.02753,C361E
REGN10933,361,C,N,0.02418,0.05331,0.02753,C361N
REGN10933,361,C,P,0.001602,0.05331,0.02753,C361P
REGN10933,362,V,A,0.00266,0.06384,0.01118,V362A
REGN10933,362,V,C,0.001125,0.06384,0.01118,V362C
REGN10933,362,V,D,0.001125,0.06384,0.01118,V362D
REGN10933,362,V,E,0.001125,0.06384,0.01118,V362E
REGN10933,362,V,F,0.00313,0.06384,0.01118,V362F
REGN10933,362,V,G,0.006829,0.06384,0.01118,V362G
REGN10933,362,V,H,0.002009,0.06384,0.01118,V362H
REGN10933,362,V,I,0.001125,0.06384,0.01118,V362I
REGN10933,362,V,K,0.001125,0.06384,0.01118,V362K
REGN10933,362,V,L,0.001828,0.06384,0.01118,V362L
REGN10933,362,V,M,0.001125,0.06384,0.01118,V362M
REGN10933,362,V,N,0.01118,0.06384,0.01118,V362N
REGN10933,362,V,Q,0.001707,0.06384,0.01118,V362Q
REGN10933,362,V,R,0.001125,0.06384,0.01118,V362R
REGN10933,362,V,S,0.009929,0.06384,0.01118,V362S
REGN10933,362,V,T,0.01054,0.06384,0.01118,V362T
REGN10933,362,V,W,0.002807,0.06384,0.01118,V362W
REGN10933,362,V,Y,0.003349,0.06384,0.01118,V362Y
REGN10933,363,A,C,0.001582,0.09323,0.03159,A363C
REGN10933,363,A,F,0.001125,0.09323,0.03159,A363F
REGN10933,363,A,G,0.004876,0.09323,0.03159,A363G
REGN10933,363,A,H,0.03159,0.09323,0.03159,A363H
REGN10933,363,A,I,0.003422,0.09323,0.03159,A363I
REGN10933,363,A,L,0.001125,0.09323,0.03159,A363L
REGN10933,363,A,M,0.002381,0.09323,0.03159,A363M
REGN10933,363,A,P,0.003979,0.09323,0.03159,A363P
REGN10933,363,A,Q,0.03059,0.09323,0.03159,A363Q
REGN10933,363,A,S,0.003514,0.09323,0.03159,A363S
REGN10933,363,A,T,0.004344,0.09323,0.03159,A363T
REGN10933,363,A,V,0.002451,0.09323,0.03159,A363V
REGN10933,363,A,W,0.001125,0.09323,0.03159,A363W
REGN10933,363,A,Y,0.001125,0.09323,0.03159,A363Y
REGN10933,365,Y,A,0.007065,0.06211,0.01714,Y365A
REGN10933,365,Y,C,0.01235,0.06211,0.01714,Y365C
REGN10933,365,Y,F,0.003532,0.06211,0.01714,Y365F
REGN10933,365,Y,G,0.01714,0.06211,0.01714,Y365G
REGN10933,365,Y,I,0.001698,0.06211,0.01714,Y365I
REGN10933,365,Y,L,0.002923,0.06211,0.01714,Y365L
REGN10933,365,Y,M,0.001175,0.06211,0.01714,Y365M
REGN10933,365,Y,P,0.008441,0.06211,0.01714,Y365P
REGN10933,365,Y,T,0.003687,0.06211,0.01714,Y365T
REGN10933,365,Y,V,0.001125,0.06211,0.01714,Y365V
REGN10933,365,Y,W,0.002976,0.06211,0.01714,Y365W
REGN10933,366,S,A,0.004278,0.07174,0.01175,S366A
REGN10933,366,S,D,0.002785,0.07174,0.01175,S366D
REGN10933,366,S,E,0.001125,0.07174,0.01175,S366E
REGN10933,366,S,F,0.004932,0.07174,0.01175,S366F
REGN10933,366,S,G,0.001125,0.07174,0.01175,S366G
REGN10933,366,S,H,0.002249,0.07174,0.01175,S366H
REGN10933,366,S,I,0.004067,0.07174,0.01175,S366I
REGN10933,366,S,K,0.002585,0.07174,0.01175,S366K
REGN10933,366,S,L,0.01175,0.07174,0.01175,S366L
REGN10933,366,S,M,0.004751,0.07174,0.01175,S366M
REGN10933,366,S,N,0.004686,0.07174,0.01175,S366N
REGN10933,366,S,P,0.005071,0.07174,0.01175,S366P
REGN10933,366,S,Q,0.001125,0.07174,0.01175,S366Q
REGN10933,366,S,R,0.001125,0.07174,0.01175,S366R
REGN10933,366,S,T,0.004869,0.07174,0.01175,S366T
REGN10933,366,S,V,0.00661,0.07174,0.01175,S366V
REGN10933,366,S,W,0.008609,0.07174,0.01175,S366W
REGN10933,367,V,A,0.001407,0.04399,0.007505,V367A
REGN10933,367,V,C,0.001125,0.04399,0.007505,V367C
REGN10933,367,V,D,0.005743,0.04399,0.007505,V367D
REGN10933,367,V,E,0.001125,0.04399,0.007505,V367E
REGN10933,367,V,F,0.001125,0.04399,0.007505,V367F
REGN10933,367,V,G,0.003984,0.04399,0.007505,V367G
REGN10933,367,V,H,0.001125,0.04399,0.007505,V367H
REGN10933,367,V,I,0.00226,0.04399,0.007505,V367I
REGN10933,367,V,K,0.00145,0.04399,0.007505,V367K
REGN10933,367,V,L,0.001125,0.04399,0.007505,V367L
REGN10933,367,V,M,0.001125,0.04399,0.007505,V367M
REGN10933,367,V,N,0.007505,0.04399,0.007505,V367N
REGN10933,367,V,P,0.005336,0.04399,0.007505,V367P
REGN10933,367,V,Q,0.002488,0.04399,0.007505,V367Q
REGN10933,367,V,R,0.001125,0.04399,0.007505,V367R
REGN10933,367,V,S,0.002102,0.04399,0.007505,V367S
REGN10933,367,V,T,0.001125,0.04399,0.007505,V367T
REGN10933,367,V,W,0.001597,0.04399,0.007505,V367W
REGN10933,367,V,Y,0.001125,0.04399,0.007505,V367Y
REGN10933,368,L,F,0.008035,0.0199,0.008035,L368F
REGN10933,368,L,I,0.004783,0.0199,0.008035,L368I
REGN10933,368,L,M,0.005328,0.0199,0.008035,L368M
REGN10933,368,L,V,0.001756,0.0199,0.008035,L368V
REGN10933,369,Y,A,0.005071,0.08811,0.01487,Y369A
REGN10933,369,Y,C,0.007821,0.08811,0.01487,Y369C
REGN10933,369,Y,D,0.008629,0.08811,0.01487,Y369D
REGN10933,369,Y,E,0.005196,0.08811,0.01487,Y369E
REGN10933,369,Y,F,0.001125,0.08811,0.01487,Y369F
REGN10933,369,Y,G,0.003068,0.08811,0.01487,Y369G
REGN10933,369,Y,H,0.003543,0.08811,0.01487,Y369H
REGN10933,369,Y,I,0.005824,0.08811,0.01487,Y369I
REGN10933,369,Y,K,0.00361,0.08811,0.01487,Y369K
REGN10933,369,Y,L,0.002766,0.08811,0.01487,Y369L
REGN10933,369,Y,M,0.004589,0.08811,0.01487,Y369M
REGN10933,369,Y,N,0.008002,0.08811,0.01487,Y369N
REGN10933,369,Y,P,0.01487,0.08811,0.01487,Y369P
REGN10933,369,Y,Q,0.004454,0.08811,0.01487,Y369Q
REGN10933,369,Y,R,0.002938,0.08811,0.01487,Y369R
REGN10933,369,Y,S,0.003229,0.08811,0.01487,Y369S
REGN10933,369,Y,T,0.001125,0.08811,0.01487,Y369T
REGN10933,369,Y,V,0.001125,0.08811,0.01487,Y369V
REGN10933,369,Y,W,0.001125,0.08811,0.01487,Y369W
REGN10933,370,N,A,0.001125,0.03152,0.005738,N370A
REGN10933,370,N,D,0.002648,0.03152,0.005738,N370D
REGN10933,370,N,E,0.002284,0.03152,0.005738,N370E
REGN10933,370,N,G,0.001354,0.03152,0.005738,N370G
REGN10933,370,N,H,0.001243,0.03152,0.005738,N370H
REGN10933,370,N,K,0.001125,0.03152,0.005738,N370K
REGN10933,370,N,L,0.005738,0.03152,0.005738,N370L
REGN10933,370,N,M,0.002922,0.03152,0.005738,N370M
REGN10933,370,N,P,0.00396,0.03152,0.005738,N370P
REGN10933,370,N,Q,0.003507,0.03152,0.005738,N370Q
REGN10933,370,N,R,0.002153,0.03152,0.005738,N370R
REGN10933,370,N,S,0.001125,0.03152,0.005738,N370S
REGN10933,370,N,T,0.001125,0.03152,0.005738,N370T
REGN10933,370,N,Y,0.001217,0.03152,0.005738,N370Y
REGN10933,371,S,A,0.002888,0.04774,0.00797,S371A
REGN10933,371,S,C,0.001561,0.04774,0.00797,S371C
REGN10933,371,S,D,0.001125,0.04774,0.00797,S371D
REGN10933,371,S,E,0.001125,0.04774,0.00797,S371E
REGN10933,371,S,F,0.004853,0.04774,0.00797,S371F
REGN10933,371,S,G,0.00797,0.04774,0.00797,S371G
REGN10933,371,S,H,0.001764,0.04774,0.00797,S371H
REGN10933,371,S,I,0.00139,0.04774,0.00797,S371I
REGN10933,371,S,K,0.00198,0.04774,0.00797,S371K
REGN10933,371,S,L,0.001125,0.04774,0.00797,S371L
REGN10933,371,S,M,0.003166,0.04774,0.00797,S371M
REGN10933,371,S,N,0.001499,0.04774,0.00797,S371N
REGN10933,371,S,P,0.005546,0.04774,0.00797,S371P
REGN10933,371,S,Q,0.001125,0.04774,0.00797,S371Q
REGN10933,371,S,R,0.002697,0.04774,0.00797,S371R
REGN10933,371,S,T,0.001667,0.04774,0.00797,S371T
REGN10933,371,S,V,0.001125,0.04774,0.00797,S371V
REGN10933,371,S,W,0.001125,0.04774,0.00797,S371W
REGN10933,371,S,Y,0.004009,0.04774,0.00797,S371Y
REGN10933,372,A,D,0.003848,0.05597,0.01366,A372D
REGN10933,372,A,E,0.001125,0.05597,0.01366,A372E
REGN10933,372,A,F,0.001125,0.05597,0.01366,A372F
REGN10933,372,A,G,0.001125,0.05597,0.01366,A372G
REGN10933,372,A,H,0.003753,0.05597,0.01366,A372H
REGN10933,372,A,I,0.004091,0.05597,0.01366,A372I
REGN10933,372,A,K,0.004033,0.05597,0.01366,A372K
REGN10933,372,A,L,0.001125,0.05597,0.01366,A372L
REGN10933,372,A,M,0.001125,0.05597,0.01366,A372M
REGN10933,372,A,N,0.003626,0.05597,0.01366,A372N
REGN10933,372,A,P,0.003066,0.05597,0.01366,A372P
REGN10933,372,A,Q,0.002002,0.05597,0.01366,A372Q
REGN10933,372,A,R,0.001125,0.05597,0.01366,A372R
REGN10933,372,A,S,0.004057,0.05597,0.01366,A372S
REGN10933,372,A,T,0.00124,0.05597,0.01366,A372T
REGN10933,372,A,V,0.004715,0.05597,0.01366,A372V
REGN10933,372,A,W,0.01366,0.05597,0.01366,A372W
REGN10933,372,A,Y,0.001125,0.05597,0.01366,A372Y
REGN10933,373,S,A,0.002009,0.04518,0.005896,S373A
REGN10933,373,S,C,0.00406,0.04518,0.005896,S373C
REGN10933,373,S,D,0.005644,0.04518,0.005896,S373D
REGN10933,373,S,E,0.001386,0.04518,0.005896,S373E
REGN10933,373,S,F,0.001702,0.04518,0.005896,S373F
REGN10933,373,S,G,0.005896,0.04518,0.005896,S373G
REGN10933,373,S,H,0.001125,0.04518,0.005896,S373H
REGN10933,373,S,I,0.002628,0.04518,0.005896,S373I
REGN10933,373,S,K,0.002425,0.04518,0.005896,S373K
REGN10933,373,S,L,0.004583,0.04518,0.005896,S373L
REGN10933,373,S,M,0.002264,0.04518,0.005896,S373M
REGN10933,373,S,N,0.001125,0.04518,0.005896,S373N
REGN10933,373,S,P,0.001439,0.04518,0.005896,S373P
REGN10933,373,S,Q,0.001125,0.04518,0.005896,S373Q
REGN10933,373,S,R,0.001125,0.04518,0.005896,S373R
REGN10933,373,S,T,0.001125,0.04518,0.005896,S373T
REGN10933,373,S,V,0.001387,0.04518,0.005896,S373V
REGN10933,373,S,W,0.001632,0.04518,0.005896,S373W
REGN10933,373,S,Y,0.002498,0.04518,0.005896,S373Y
REGN10933,374,F,A,0.001125,0.06854,0.01664,F374A
REGN10933,374,F,D,0.004398,0.06854,0.01664,F374D
REGN10933,374,F,H,0.005046,0.06854,0.01664,F374H
REGN10933,374,F,I,0.003008,0.06854,0.01664,F374I
REGN10933,374,F,L,0.00904,0.06854,0.01664,F374L
REGN10933,374,F,M,0.003429,0.06854,0.01664,F374M
REGN10933,374,F,N,0.01664,0.06854,0.01664,F374N
REGN10933,374,F,Q,0.01544,0.06854,0.01664,F374Q
REGN10933,374,F,T,0.003557,0.06854,0.01664,F374T
REGN10933,374,F,V,0.00389,0.06854,0.01664,F374V
REGN10933,374,F,W,0.001843,0.06854,0.01664,F374W
REGN10933,374,F,Y,0.001125,0.06854,0.01664,F374Y
REGN10933,375,S,A,0.007885,0.02322,0.007885,S375A
REGN10933,375,S,D,0.001125,0.02322,0.007885,S375D
REGN10933,375,S,E,0.001125,0.02322,0.007885,S375E
REGN10933,375,S,G,0.002157,0.02322,0.007885,S375G
REGN10933,375,S,H,0.001901,0.02322,0.007885,S375H
REGN10933,375,S,K,0.00172,0.02322,0.007885,S375K
REGN10933,375,S,N,0.002443,0.02322,0.007885,S375N
REGN10933,375,S,Q,0.001125,0.02322,0.007885,S375Q
REGN10933,375,S,T,0.003739,0.02322,0.007885,S375T
REGN10933,376,T,C,0.002002,0.02886,0.007557,T376C
REGN10933,376,T,D,0.001335,0.02886,0.007557,T376D
REGN10933,376,T,F,0.003306,0.02886,0.007557,T376F
REGN10933,376,T,H,0.007557,0.02886,0.007557,T376H
REGN10933,376,T,I,0.001125,0.02886,0.007557,T376I
REGN10933,376,T,K,0.001125,0.02886,0.007557,T376K
REGN10933,376,T,L,0.001246,0.02886,0.007557,T376L
REGN10933,376,T,M,0.002863,0.02886,0.007557,T376M
REGN10933,376,T,N,0.001125,0.02886,0.007557,T376N
REGN10933,376,T,S,0.003082,0.02886,0.007557,T376S
REGN10933,376,T,V,0.001125,0.02886,0.007557,T376V
REGN10933,376,T,Y,0.002967,0.02886,0.007557,T376Y
REGN10933,377,F,I,0.001696,0.009729,0.004081,F377I
REGN10933,377,F,L,0.001703,0.009729,0.004081,F377L
REGN10933,377,F,M,0.001125,0.009729,0.004081,F377M
REGN10933,377,F,V,0.001125,0.009729,0.004081,F377V
REGN10933,377,F,W,0.004081,0.009729,0.004081,F377W
REGN10933,378,K,A,0.003651,0.04862,0.00835,K378A
REGN10933,378,K,C,0.004364,0.04862,0.00835,K378C
REGN10933,378,K,D,0.003274,0.04862,0.00835,K378D
REGN10933,378,K,E,0.004713,0.04862,0.00835,K378E
REGN10933,378,K,H,0.001738,0.04862,0.00835,K378H
REGN10933,378,K,I,0.004027,0.04862,0.00835,K378I
REGN10933,378,K,L,0.00359,0.04862,0.00835,K378L
REGN10933,378,K,M,0.00203,0.04862,0.00835,K378M
REGN10933,378,K,N,0.006193,0.04862,0.00835,K378N
REGN10933,378,K,Q,0.001125,0.04862,0.00835,K378Q
REGN10933,378,K,R,0.001125,0.04862,0.00835,K378R
REGN10933,378,K,S,0.00835,0.04862,0.00835,K378S
REGN10933,378,K,T,0.002197,0.04862,0.00835,K378T
REGN10933,378,K,V,0.002241,0.04862,0.00835,K378V
REGN10933,380,Y,F,0.001125,0.002249,0.001125,Y380F
REGN10933,380,Y,W,0.001125,0.002249,0.001125,Y380W
REGN10933,381,G,H,0.00343,0.01753,0.003652,G381H
REGN10933,381,G,K,0.00282,0.01753,0.003652,G381K
REGN10933,381,G,N,0.002796,0.01753,0.003652,G381N
REGN10933,381,G,Q,0.001594,0.01753,0.003652,G381Q
REGN10933,381,G,R,0.003652,0.01753,0.003652,G381R
REGN10933,381,G,S,0.003241,0.01753,0.003652,G381S
REGN10933,382,V,C,0.008193,0.01805,0.008193,V382C
REGN10933,382,V,F,0.001625,0.01805,0.008193,V382F
REGN10933,382,V,I,0.001125,0.01805,0.008193,V382I
REGN10933,382,V,L,0.001125,0.01805,0.008193,V382L
REGN10933,382,V,T,0.003042,0.01805,0.008193,V382T
REGN10933,382,V,Y,0.002946,0.01805,0.008193,V382Y
REGN10933,383,S,A,0.0,0.03391,0.007428,S383A
REGN10933,383,S,C,0.00199,0.03391,0.007428,S383C
REGN10933,383,S,D,0.001125,0.03391,0.007428,S383D
REGN10933,383,S,E,0.001125,0.03391,0.007428,S383E
REGN10933,383,S,H,0.001125,0.03391,0.007428,S383H
REGN10933,383,S,I,0.003235,0.03391,0.007428,S383I
REGN10933,383,S,K,0.007428,0.03391,0.007428,S383K
REGN10933,383,S,L,0.001125,0.03391,0.007428,S383L
REGN10933,383,S,M,0.0,0.03391,0.007428,S383M
REGN10933,383,S,N,0.001125,0.03391,0.007428,S383N
REGN10933,383,S,P,0.001964,0.03391,0.007428,S383P
REGN10933,383,S,Q,0.005767,0.03391,0.007428,S383Q
REGN10933,383,S,R,0.002759,0.03391,0.007428,S383R
REGN10933,383,S,T,0.001998,0.03391,0.007428,S383T
REGN10933,383,S,V,0.002022,0.03391,0.007428,S383V
REGN10933,383,S,Y,0.001125,0.03391,0.007428,S383Y
REGN10933,384,P,A,0.00187,0.03763,0.007991,P384A
REGN10933,384,P,E,0.00157,0.03763,0.007991,P384E
REGN10933,384,P,F,0.001125,0.03763,0.007991,P384F
REGN10933,384,P,G,0.007991,0.03763,0.007991,P384G
REGN10933,384,P,H,0.001125,0.03763,0.007991,P384H
REGN10933,384,P,I,0.001899,0.03763,0.007991,P384I
REGN10933,384,P,K,0.001125,0.03763,0.007991,P384K
REGN10933,384,P,L,0.003476,0.03763,0.007991,P384L
REGN10933,384,P,M,0.001125,0.03763,0.007991,P384M
REGN10933,384,P,N,0.002042,0.03763,0.007991,P384N
REGN10933,384,P,Q,0.001861,0.03763,0.007991,P384Q
REGN10933,384,P,R,0.003943,0.03763,0.007991,P384R
REGN10933,384,P,S,0.001868,0.03763,0.007991,P384S
REGN10933,384,P,T,0.001393,0.03763,0.007991,P384T
REGN10933,384,P,V,0.001125,0.03763,0.007991,P384V
REGN10933,384,P,W,0.002968,0.03763,0.007991,P384W
REGN10933,384,P,Y,0.001125,0.03763,0.007991,P384Y
REGN10933,385,T,A,0.00394,0.06643,0.01632,T385A
REGN10933,385,T,C,0.004476,0.06643,0.01632,T385C
REGN10933,385,T,D,0.004283,0.06643,0.01632,T385D
REGN10933,385,T,E,0.001809,0.06643,0.01632,T385E
REGN10933,385,T,F,0.00445,0.06643,0.01632,T385F
REGN10933,385,T,G,0.004254,0.06643,0.01632,T385G
REGN10933,385,T,H,0.01632,0.06643,0.01632,T385H
REGN10933,385,T,I,0.007029,0.06643,0.01632,T385I
REGN10933,385,T,K,0.003408,0.06643,0.01632,T385K
REGN10933,385,T,L,0.001842,0.06643,0.01632,T385L
REGN10933,385,T,M,0.001125,0.06643,0.01632,T385M
REGN10933,385,T,N,0.001125,0.06643,0.01632,T385N
REGN10933,385,T,P,0.002077,0.06643,0.01632,T385P
REGN10933,385,T,Q,0.001125,0.06643,0.01632,T385Q
REGN10933,385,T,R,0.001685,0.06643,0.01632,T385R
REGN10933,385,T,S,0.001125,0.06643,0.01632,T385S
REGN10933,385,T,V,0.001125,0.06643,0.01632,T385V
REGN10933,385,T,W,0.004109,0.06643,0.01632,T385W
REGN10933,385,T,Y,0.001125,0.06643,0.01632,T385Y
REGN10933,386,K,A,0.04262,0.08658,0.04262,K386A
REGN10933,386,K,C,0.006415,0.08658,0.04262,K386C
REGN10933,386,K,D,0.001125,0.08658,0.04262,K386D
REGN10933,386,K,E,0.006311,0.08658,0.04262,K386E
REGN10933,386,K,G,0.001125,0.08658,0.04262,K386G
REGN10933,386,K,H,0.001125,0.08658,0.04262,K386H
REGN10933,386,K,I,0.003842,0.08658,0.04262,K386I
REGN10933,386,K,L,0.003688,0.08658,0.04262,K386L
REGN10933,386,K,M,0.001125,0.08658,0.04262,K386M
REGN10933,386,K,N,0.004503,0.08658,0.04262,K386N
REGN10933,386,K,Q,0.001125,0.08658,0.04262,K386Q
REGN10933,386,K,R,0.001125,0.08658,0.04262,K386R
REGN10933,386,K,S,0.001125,0.08658,0.04262,K386S
REGN10933,386,K,T,0.001721,0.08658,0.04262,K386T
REGN10933,386,K,V,0.001125,0.08658,0.04262,K386V
REGN10933,386,K,Y,0.00848,0.08658,0.04262,K386Y
REGN10933,387,L,I,0.001502,0.005175,0.003673,L387I
REGN10933,387,L,M,0.003673,0.005175,0.003673,L387M
REGN10933,388,N,A,0.001125,0.05853,0.02515,N388A
REGN10933,388,N,D,0.001538,0.05853,0.02515,N388D
REGN10933,388,N,E,0.001125,0.05853,0.02515,N388E
REGN10933,388,N,G,0.02515,0.05853,0.02515,N388G
REGN10933,388,N,H,0.001125,0.05853,0.02515,N388H
REGN10933,388,N,K,0.001421,0.05853,0.02515,N388K
REGN10933,388,N,L,0.004575,0.05853,0.02515,N388L
REGN10933,388,N,M,0.001409,0.05853,0.02515,N388M
REGN10933,388,N,P,0.001125,0.05853,0.02515,N388P
REGN10933,388,N,Q,0.00798,0.05853,0.02515,N388Q
REGN10933,388,N,R,0.00145,0.05853,0.02515,N388R
REGN10933,388,N,S,0.004411,0.05853,0.02515,N388S
REGN10933,388,N,T,0.001125,0.05853,0.02515,N388T
REGN10933,388,N,V,0.00497,0.05853,0.02515,N388V
REGN10933,389,D,A,0.001517,0.04733,0.007667,D389A
REGN10933,389,D,C,0.001973,0.04733,0.007667,D389C
REGN10933,389,D,E,0.005393,0.04733,0.007667,D389E
REGN10933,389,D,F,0.007667,0.04733,0.007667,D389F
REGN10933,389,D,G,0.003887,0.04733,0.007667,D389G
REGN10933,389,D,H,0.001125,0.04733,0.007667,D389H
REGN10933,389,D,K,0.001125,0.04733,0.007667,D389K
REGN10933,389,D,L,0.002837,0.04733,0.007667,D389L
REGN10933,389,D,M,0.00224,0.04733,0.007667,D389M
REGN10933,389,D,N,0.00635,0.04733,0.007667,D389N
REGN10933,389,D,Q,0.001125,0.04733,0.007667,D389Q
REGN10933,389,D,R,0.001856,0.04733,0.007667,D389R
REGN10933,389,D,S,0.005172,0.04733,0.007667,D389S
REGN10933,389,D,T,0.001125,0.04733,0.007667,D389T
REGN10933,389,D,W,0.001984,0.04733,0.007667,D389W
REGN10933,389,D,Y,0.001952,0.04733,0.007667,D389Y
REGN10933,390,L,A,0.002626,0.05786,0.006224,L390A
REGN10933,390,L,C,0.002474,0.05786,0.006224,L390C
REGN10933,390,L,D,0.002122,0.05786,0.006224,L390D
REGN10933,390,L,E,0.001687,0.05786,0.006224,L390E
REGN10933,390,L,F,0.003203,0.05786,0.006224,L390F
REGN10933,390,L,G,0.002354,0.05786,0.006224,L390G
REGN10933,390,L,H,0.004502,0.05786,0.006224,L390H
REGN10933,390,L,I,0.001125,0.05786,0.006224,L390I
REGN10933,390,L,K,0.003078,0.05786,0.006224,L390K
REGN10933,390,L,M,0.001125,0.05786,0.006224,L390M
REGN10933,390,L,N,0.005564,0.05786,0.006224,L390N
REGN10933,390,L,Q,0.005823,0.05786,0.006224,L390Q
REGN10933,390,L,R,0.001427,0.05786,0.006224,L390R
REGN10933,390,L,S,0.001818,0.05786,0.006224,L390S
REGN10933,390,L,T,0.00339,0.05786,0.006224,L390T
REGN10933,390,L,V,0.00366,0.05786,0.006224,L390V
REGN10933,390,L,W,0.005661,0.05786,0.006224,L390W
REGN10933,390,L,Y,0.006224,0.05786,0.006224,L390Y
REGN10933,391,C,A,0.00151,0.04339,0.01063,C391A
REGN10933,391,C,D,0.001125,0.04339,0.01063,C391D
REGN10933,391,C,E,0.001125,0.04339,0.01063,C391E
REGN10933,391,C,F,0.001125,0.04339,0.01063,C391F
REGN10933,391,C,G,0.001125,0.04339,0.01063,C391G
REGN10933,391,C,H,0.01063,0.04339,0.01063,C391H
REGN10933,391,C,I,0.001125,0.04339,0.01063,C391I
REGN10933,391,C,K,0.002404,0.04339,0.01063,C391K
REGN10933,391,C,L,0.005566,0.04339,0.01063,C391L
REGN10933,391,C,M,0.001207,0.04339,0.01063,C391M
REGN10933,391,C,N,0.001832,0.04339,0.01063,C391N
REGN10933,391,C,P,0.001125,0.04339,0.01063,C391P
REGN10933,391,C,Q,0.001125,0.04339,0.01063,C391Q
REGN10933,391,C,R,0.003116,0.04339,0.01063,C391R
REGN10933,391,C,S,0.001192,0.04339,0.01063,C391S
REGN10933,391,C,T,0.003372,0.04339,0.01063,C391T
REGN10933,391,C,V,0.001125,0.04339,0.01063,C391V
REGN10933,391,C,W,0.002448,0.04339,0.01063,C391W
REGN10933,391,C,Y,0.001125,0.04339,0.01063,C391Y
REGN10933,392,F,A,0.001125,0.02833,0.004287,F392A
REGN10933,392,F,C,0.002509,0.02833,0.004287,F392C
REGN10933,392,F,H,0.002041,0.02833,0.004287,F392H
REGN10933,392,F,I,0.004088,0.02833,0.004287,F392I
REGN10933,392,F,L,0.003018,0.02833,0.004287,F392L
REGN10933,392,F,M,0.001125,0.02833,0.004287,F392M
REGN10933,392,F,N,0.001167,0.02833,0.004287,F392N
REGN10933,392,F,P,0.001125,0.02833,0.004287,F392P
REGN10933,392,F,S,0.004287,0.02833,0.004287,F392S
REGN10933,392,F,T,0.00222,0.02833,0.004287,F392T
REGN10933,392,F,V,0.001125,0.02833,0.004287,F392V
REGN10933,392,F,W,0.002127,0.02833,0.004287,F392W
REGN10933,392,F,Y,0.002375,0.02833,0.004287,F392Y
REGN10933,393,T,A,0.004713,0.1318,0.04489,T393A
REGN10933,393,T,C,0.003012,0.1318,0.04489,T393C
REGN10933,393,T,D,0.003164,0.1318,0.04489,T393D
REGN10933,393,T,E,0.0029,0.1318,0.04489,T393E
REGN10933,393,T,G,0.006014,0.1318,0.04489,T393G
REGN10933,393,T,H,0.0278,0.1318,0.04489,T393H
REGN10933,393,T,I,0.007566,0.1318,0.04489,T393I
REGN10933,393,T,K,0.001125,0.1318,0.04489,T393K
REGN10933,393,T,L,0.04489,0.1318,0.04489,T393L
REGN10933,393,T,M,0.008542,0.1318,0.04489,T393M
REGN10933,393,T,N,0.006066,0.1318,0.04489,T393N
REGN10933,393,T,Q,0.001125,0.1318,0.04489,T393Q
REGN10933,393,T,R,0.001125,0.1318,0.04489,T393R
REGN10933,393,T,S,0.001919,0.1318,0.04489,T393S
REGN10933,393,T,V,0.0107,0.1318,0.04489,T393V
REGN10933,393,T,Y,0.001125,0.1318,0.04489,T393Y
REGN10933,394,N,A,0.001245,0.07354,0.009163,N394A
REGN10933,394,N,C,0.005474,0.07354,0.009163,N394C
REGN10933,394,N,D,0.005006,0.07354,0.009163,N394D
REGN10933,394,N,E,0.001125,0.07354,0.009163,N394E
REGN10933,394,N,F,0.001475,0.07354,0.009163,N394F
REGN10933,394,N,G,0.003201,0.07354,0.009163,N394G
REGN10933,394,N,H,0.001125,0.07354,0.009163,N394H
REGN10933,394,N,I,0.001727,0.07354,0.009163,N394I
REGN10933,394,N,K,0.005271,0.07354,0.009163,N394K
REGN10933,394,N,L,0.007092,0.07354,0.009163,N394L
REGN10933,394,N,M,0.006682,0.07354,0.009163,N394M
REGN10933,394,N,P,0.005256,0.07354,0.009163,N394P
REGN10933,394,N,Q,0.002588,0.07354,0.009163,N394Q
REGN10933,394,N,R,0.007367,0.07354,0.009163,N394R
REGN10933,394,N,S,0.001125,0.07354,0.009163,N394S
REGN10933,394,N,T,0.001125,0.07354,0.009163,N394T
REGN10933,394,N,V,0.009163,0.07354,0.009163,N394V
REGN10933,394,N,W,0.006375,0.07354,0.009163,N394W
REGN10933,394,N,Y,0.001125,0.07354,0.009163,N394Y
REGN10933,395,V,A,0.01227,0.01677,0.01227,V395A
REGN10933,395,V,G,0.001125,0.01677,0.01227,V395G
REGN10933,395,V,I,0.001125,0.01677,0.01227,V395I
REGN10933,395,V,L,0.001125,0.01677,0.01227,V395L
REGN10933,395,V,M,0.001125,0.01677,0.01227,V395M
REGN10933,396,Y,C,0.002532,0.05902,0.01651,Y396C
REGN10933,396,Y,F,0.001125,0.05902,0.01651,Y396F
REGN10933,396,Y,H,0.001778,0.05902,0.01651,Y396H
REGN10933,396,Y,I,0.009009,0.05902,0.01651,Y396I
REGN10933,396,Y,L,0.004938,0.05902,0.01651,Y396L
REGN10933,396,Y,M,0.01651,0.05902,0.01651,Y396M
REGN10933,396,Y,N,0.001125,0.05902,0.01651,Y396N
REGN10933,396,Y,S,0.009857,0.05902,0.01651,Y396S
REGN10933,396,Y,T,0.009786,0.05902,0.01651,Y396T
REGN10933,396,Y,V,0.001233,0.05902,0.01651,Y396V
REGN10933,396,Y,W,0.001125,0.05902,0.01651,Y396W
REGN10933,397,A,C,0.01531,0.02661,0.01531,A397C
REGN10933,397,A,I,0.003031,0.02661,0.01531,A397I
REGN10933,397,A,L,0.001125,0.02661,0.01531,A397L
REGN10933,397,A,V,0.007147,0.02661,0.01531,A397V
REGN10933,399,S,T,0.009562,0.009562,0.009562,S399T
REGN10933,401,V,I,0.02596,0.02596,0.02596,V401I
REGN10933,402,I,C,0.02017,0.02482,0.02017,I402C
REGN10933,402,I,L,0.001125,0.02482,0.02017,I402L
REGN10933,402,I,V,0.003531,0.02482,0.02017,I402V
REGN10933,403,R,A,0.003542,0.01352,0.005701,R403A
REGN10933,403,R,K,0.001125,0.01352,0.005701,R403K
REGN10933,403,R,M,0.002031,0.01352,0.005701,R403M
REGN10933,403,R,S,0.005701,0.01352,0.005701,R403S
REGN10933,403,R,T,0.001125,0.01352,0.005701,R403T
REGN10933,404,G,A,0.03622,0.04008,0.03622,G404A
REGN10933,404,G,K,0.003854,0.04008,0.03622,G404K
REGN10933,405,D,A,0.001125,0.01101,0.004113,D405A
REGN10933,405,D,E,0.001125,0.01101,0.004113,D405E
REGN10933,405,D,K,0.001272,0.01101,0.004113,D405K
REGN10933,405,D,N,0.001125,0.01101,0.004113,D405N
REGN10933,405,D,R,0.002249,0.01101,0.004113,D405R
REGN10933,405,D,S,0.004113,0.01101,0.004113,D405S
REGN10933,406,E,D,0.0149,0.3499,0.3279,E406D
REGN10933,406,E,Q,0.00711,0.3499,0.3279,E406Q
REGN10933,406,E,W,0.3279,0.3499,0.3279,E406W
REGN10933,407,V,I,0.009413,0.01054,0.009413,V407I
REGN10933,407,V,L,0.001125,0.01054,0.009413,V407L
REGN10933,408,R,A,0.005431,0.0487,0.01761,R408A
REGN10933,408,R,C,0.002782,0.0487,0.01761,R408C
REGN10933,408,R,E,0.001125,0.0487,0.01761,R408E
REGN10933,408,R,F,0.001537,0.0487,0.01761,R408F
REGN10933,408,R,G,0.001125,0.0487,0.01761,R408G
REGN10933,408,R,H,0.001125,0.0487,0.01761,R408H
REGN10933,408,R,K,0.001125,0.0487,0.01761,R408K
REGN10933,408,R,L,0.01,0.0487,0.01761,R408L
REGN10933,408,R,P,0.01761,0.0487,0.01761,R408P
REGN10933,408,R,S,0.001125,0.0487,0.01761,R408S
REGN10933,408,R,T,0.002651,0.0487,0.01761,R408T
REGN10933,408,R,V,0.001188,0.0487,0.01761,R408V
REGN10933,408,R,W,0.001866,0.0487,0.01761,R408W
REGN10933,409,Q,E,0.001811,0.001811,0.001811,Q409E
REGN10933,410,I,V,0.001125,0.001125,0.001125,I410V
REGN10933,411,A,E,0.002655,0.009647,0.002655,A411E
REGN10933,411,A,G,0.001125,0.009647,0.002655,A411G
REGN10933,411,A,Q,0.002002,0.009647,0.002655,A411Q
REGN10933,411,A,R,0.001282,0.009647,0.002655,A411R
REGN10933,411,A,S,0.002584,0.009647,0.002655,A411S
REGN10933,413,G,A,0.001515,0.01876,0.002375,G413A
REGN10933,413,G,C,0.001955,0.01876,0.002375,G413C
REGN10933,413,G,F,0.001125,0.01876,0.002375,G413F
REGN10933,413,G,H,0.001143,0.01876,0.002375,G413H
REGN10933,413,G,K,0.001555,0.01876,0.002375,G413K
REGN10933,413,G,L,0.001999,0.01876,0.002375,G413L
REGN10933,413,G,M,0.001125,0.01876,0.002375,G413M
REGN10933,413,G,N,0.002375,0.01876,0.002375,G413N
REGN10933,413,G,Q,0.001125,0.01876,0.002375,G413Q
REGN10933,413,G,R,0.001125,0.01876,0.002375,G413R
REGN10933,413,G,S,0.00145,0.01876,0.002375,G413S
REGN10933,413,G,Y,0.002271,0.01876,0.002375,G413Y
REGN10933,414,Q,A,0.001125,0.03653,0.008569,Q414A
REGN10933,414,Q,C,0.00167,0.03653,0.008569,Q414C
REGN10933,414,Q,E,0.00656,0.03653,0.008569,Q414E
REGN10933,414,Q,G,0.003598,0.03653,0.008569,Q414G
REGN10933,414,Q,I,0.002024,0.03653,0.008569,Q414I
REGN10933,414,Q,K,0.001125,0.03653,0.008569,Q414K
REGN10933,414,Q,M,0.004054,0.03653,0.008569,Q414M
REGN10933,414,Q,R,0.005558,0.03653,0.008569,Q414R
REGN10933,414,Q,S,0.001125,0.03653,0.008569,Q414S
REGN10933,414,Q,T,0.001125,0.03653,0.008569,Q414T
REGN10933,414,Q,V,0.008569,0.03653,0.008569,Q414V
REGN10933,415,T,A,0.001183,0.03625,0.0072,T415A
REGN10933,415,T,D,0.004629,0.03625,0.0072,T415D
REGN10933,415,T,E,0.003268,0.03625,0.0072,T415E
REGN10933,415,T,G,0.0072,0.03625,0.0072,T415G
REGN10933,415,T,H,0.001562,0.03625,0.0072,T415H
REGN10933,415,T,I,0.004157,0.03625,0.0072,T415I
REGN10933,415,T,K,0.001538,0.03625,0.0072,T415K
REGN10933,415,T,M,0.00325,0.03625,0.0072,T415M
REGN10933,415,T,N,0.001125,0.03625,0.0072,T415N
REGN10933,415,T,Q,0.001874,0.03625,0.0072,T415Q
REGN10933,415,T,R,0.001125,0.03625,0.0072,T415R
REGN10933,415,T,S,0.00208,0.03625,0.0072,T415S
REGN10933,415,T,V,0.001125,0.03625,0.0072,T415V
REGN10933,415,T,Y,0.002138,0.03625,0.0072,T415Y
REGN10933,417,K,A,0.02007,4.555,0.8196,K417A
REGN10933,417,K,C,0.2703,4.555,0.8196,K417C
REGN10933,417,K,D,0.7281,4.555,0.8196,K417D
REGN10933,417,K,E,0.5641,4.555,0.8196,K417E
REGN10933,417,K,F,0.8196,4.555,0.8196,K417F
REGN10933,417,K,G,0.1216,4.555,0.8196,K417G
REGN10933,417,K,H,0.337,4.555,0.8196,K417H
REGN10933,417,K,I,0.01558,4.555,0.8196,K417I
REGN10933,417,K,L,0.02618,4.555,0.8196,K417L
REGN10933,417,K,M,0.04799,4.555,0.8196,K417M
REGN10933,417,K,N,0.003173,4.555,0.8196,K417N
REGN10933,417,K,P,0.05084,4.555,0.8196,K417P
REGN10933,417,K,Q,0.02166,4.555,0.8196,K417Q
REGN10933,417,K,R,0.06988,4.555,0.8196,K417R
REGN10933,417,K,S,0.009814,4.555,0.8196,K417S
REGN10933,417,K,T,0.02103,4.555,0.8196,K417T
REGN10933,417,K,V,0.02792,4.555,0.8196,K417V
REGN10933,417,K,W,0.7221,4.555,0.8196,K417W
REGN10933,417,K,Y,0.6782,4.555,0.8196,K417Y
REGN10933,418,I,V,0.00503,0.00503,0.00503,I418V
REGN10933,419,A,P,0.001679,0.006859,0.00518,A419P
REGN10933,419,A,S,0.00518,0.006859,0.00518,A419S
REGN10933,420,D,A,0.006901,0.02944,0.006901,D420A
REGN10933,420,D,E,0.005823,0.02944,0.006901,D420E
REGN10933,420,D,K,0.001125,0.02944,0.006901,D420K
REGN10933,420,D,M,0.002819,0.02944,0.006901,D420M
REGN10933,420,D,N,0.001544,0.02944,0.006901,D420N
REGN10933,420,D,Q,0.001301,0.02944,0.006901,D420Q
REGN10933,420,D,R,0.003377,0.02944,0.006901,D420R
REGN10933,420,D,S,0.006546,0.02944,0.006901,D420S
REGN10933,421,Y,F,0.001125,0.01645,0.01104,Y421F
REGN10933,421,Y,L,0.003169,0.01645,0.01104,Y421L
REGN10933,421,Y,M,0.01104,0.01645,0.01104,Y421M
REGN10933,421,Y,W,0.001125,0.01645,0.01104,Y421W
REGN10933,424,K,H,0.002407,0.003531,0.002407,K424H
REGN10933,424,K,R,0.001125,0.003531,0.002407,K424R
REGN10933,425,L,I,0.001125,0.005498,0.003249,L425I
REGN10933,425,L,M,0.003249,0.005498,0.003249,L425M
REGN10933,425,L,V,0.001125,0.005498,0.003249,L425V
REGN10933,427,D,A,0.001125,0.05288,0.01054,D427A
REGN10933,427,D,E,0.001125,0.05288,0.01054,D427E
REGN10933,427,D,F,0.001901,0.05288,0.01054,D427F
REGN10933,427,D,G,0.003998,0.05288,0.01054,D427G
REGN10933,427,D,H,0.001856,0.05288,0.01054,D427H
REGN10933,427,D,I,0.001397,0.05288,0.01054,D427I
REGN10933,427,D,K,0.001125,0.05288,0.01054,D427K
REGN10933,427,D,L,0.002679,0.05288,0.01054,D427L
REGN10933,427,D,M,0.004257,0.05288,0.01054,D427M
REGN10933,427,D,N,0.01054,0.05288,0.01054,D427N
REGN10933,427,D,P,0.004995,0.05288,0.01054,D427P
REGN10933,427,D,Q,0.008684,0.05288,0.01054,D427Q
REGN10933,427,D,R,0.001125,0.05288,0.01054,D427R
REGN10933,427,D,S,0.001663,0.05288,0.01054,D427S
REGN10933,427,D,T,0.001555,0.05288,0.01054,D427T
REGN10933,427,D,V,0.001866,0.05288,0.01054,D427V
REGN10933,427,D,W,0.001862,0.05288,0.01054,D427W
REGN10933,427,D,Y,0.001125,0.05288,0.01054,D427Y
REGN10933,428,D,A,0.01055,0.04864,0.01731,D428A
REGN10933,428,D,E,0.0023,0.04864,0.01731,D428E
REGN10933,428,D,G,0.001184,0.04864,0.01731,D428G
REGN10933,428,D,H,0.001435,0.04864,0.01731,D428H
REGN10933,428,D,K,0.003002,0.04864,0.01731,D428K
REGN10933,428,D,N,0.001125,0.04864,0.01731,D428N
REGN10933,428,D,P,0.006857,0.04864,0.01731,D428P
REGN10933,428,D,Q,0.00193,0.04864,0.01731,D428Q
REGN10933,428,D,R,0.001532,0.04864,0.01731,D428R
REGN10933,428,D,S,0.001408,0.04864,0.01731,D428S
REGN10933,428,D,T,0.01731,0.04864,0.01731,D428T
REGN10933,429,F,W,0.01048,0.01048,0.01048,F429W
REGN10933,430,T,A,0.002066,0.03453,0.006606,T430A
REGN10933,430,T,C,0.003223,0.03453,0.006606,T430C
REGN10933,430,T,F,0.001532,0.03453,0.006606,T430F
REGN10933,430,T,H,0.002503,0.03453,0.006606,T430H
REGN10933,430,T,I,0.001674,0.03453,0.006606,T430I
REGN10933,430,T,K,0.001125,0.03453,0.006606,T430K
REGN10933,430,T,L,0.001809,0.03453,0.006606,T430L
REGN10933,430,T,M,0.001125,0.03453,0.006606,T430M
REGN10933,430,T,N,0.001934,0.03453,0.006606,T430N
REGN10933,430,T,Q,0.001125,0.03453,0.006606,T430Q
REGN10933,430,T,R,0.001125,0.03453,0.006606,T430R
REGN10933,430,T,S,0.006606,0.03453,0.006606,T430S
REGN10933,430,T,V,0.00204,0.03453,0.006606,T430V
REGN10933,430,T,W,0.005524,0.03453,0.006606,T430W
REGN10933,430,T,Y,0.001125,0.03453,0.006606,T430Y
REGN10933,433,V,I,0.003034,0.003034,0.003034,V433I
REGN10933,434,I,F,0.00445,0.01238,0.00445,I434F
REGN10933,434,I,L,0.001125,0.01238,0.00445,I434L
REGN10933,434,I,M,0.001749,0.01238,0.00445,I434M
REGN10933,434,I,V,0.001125,0.01238,0.00445,I434V
REGN10933,434,I,W,0.001645,0.01238,0.00445,I434W
REGN10933,434,I,Y,0.002286,0.01238,0.00445,I434Y
REGN10933,435,A,S,0.004747,0.01144,0.006688,A435S
REGN10933,435,A,T,0.006688,0.01144,0.006688,A435T
REGN10933,437,N,P,0.03572,0.03572,0.03572,N437P
REGN10933,438,S,A,0.001125,0.01127,0.01015,S438A
REGN10933,438,S,T,0.01015,0.01127,0.01015,S438T
REGN10933,439,N,D,0.001603,0.03752,0.01552,N439D
REGN10933,439,N,H,0.01092,0.03752,0.01552,N439H
REGN10933,439,N,K,0.0,0.03752,0.01552,N439K
REGN10933,439,N,L,0.00191,0.03752,0.01552,N439L
REGN10933,439,N,M,0.001125,0.03752,0.01552,N439M
REGN10933,439,N,Q,0.001125,0.03752,0.01552,N439Q
REGN10933,439,N,S,0.002249,0.03752,0.01552,N439S
REGN10933,439,N,T,0.01552,0.03752,0.01552,N439T
REGN10933,439,N,V,0.001125,0.03752,0.01552,N439V
REGN10933,439,N,Y,0.00194,0.03752,0.01552,N439Y
REGN10933,440,N,A,0.004704,0.0712,0.009207,N440A
REGN10933,440,N,C,0.001966,0.0712,0.009207,N440C
REGN10933,440,N,D,0.001125,0.0712,0.009207,N440D
REGN10933,440,N,E,0.004912,0.0712,0.009207,N440E
REGN10933,440,N,F,0.004529,0.0712,0.009207,N440F
REGN10933,440,N,G,0.001559,0.0712,0.009207,N440G
REGN10933,440,N,H,0.002473,0.0712,0.009207,N440H
REGN10933,440,N,I,0.008019,0.0712,0.009207,N440I
REGN10933,440,N,K,0.004257,0.0712,0.009207,N440K
REGN10933,440,N,L,0.003439,0.0712,0.009207,N440L
REGN10933,440,N,M,0.002224,0.0712,0.009207,N440M
REGN10933,440,N,P,0.009207,0.0712,0.009207,N440P
REGN10933,440,N,Q,0.005334,0.0712,0.009207,N440Q
REGN10933,440,N,R,0.006884,0.0712,0.009207,N440R
REGN10933,440,N,S,0.004851,0.0712,0.009207,N440S
REGN10933,440,N,T,0.001777,0.0712,0.009207,N440T
REGN10933,440,N,V,0.001125,0.0712,0.009207,N440V
REGN10933,440,N,Y,0.002811,0.0712,0.009207,N440Y
REGN10933,441,L,A,0.001702,0.07035,0.05488,L441A
REGN10933,441,L,F,0.002342,0.07035,0.05488,L441F
REGN10933,441,L,H,0.05488,0.07035,0.05488,L441H
REGN10933,441,L,I,0.001125,0.07035,0.05488,L441I
REGN10933,441,L,Q,0.001635,0.07035,0.05488,L441Q
REGN10933,441,L,R,0.002249,0.07035,0.05488,L441R
REGN10933,441,L,S,0.0021,0.07035,0.05488,L441S
REGN10933,441,L,V,0.001125,0.07035,0.05488,L441V
REGN10933,441,L,W,0.00319,0.07035,0.05488,L441W
REGN10933,443,S,A,0.001125,0.02013,0.0038,S443A
REGN10933,443,S,C,0.002741,0.02013,0.0038,S443C
REGN10933,443,S,G,0.002515,0.02013,0.0038,S443G
REGN10933,443,S,N,0.00161,0.02013,0.0038,S443N
REGN10933,443,S,Q,0.0038,0.02013,0.0038,S443Q
REGN10933,443,S,T,0.002989,0.02013,0.0038,S443T
REGN10933,443,S,V,0.00311,0.02013,0.0038,S443V
REGN10933,443,S,Y,0.00224,0.02013,0.0038,S443Y
REGN10933,444,K,A,0.0019,0.0516,0.009312,K444A
REGN10933,444,K,C,0.005222,0.0516,0.009312,K444C
REGN10933,444,K,D,0.009312,0.0516,0.009312,K444D
REGN10933,444,K,E,0.001125,0.0516,0.009312,K444E
REGN10933,444,K,F,0.001125,0.0516,0.009312,K444F
REGN10933,444,K,G,0.00635,0.0516,0.009312,K444G
REGN10933,444,K,H,0.004244,0.0516,0.009312,K444H
REGN10933,444,K,I,0.001125,0.0516,0.009312,K444I
REGN10933,444,K,L,0.001125,0.0516,0.009312,K444L
REGN10933,444,K,M,0.001125,0.0516,0.009312,K444M
REGN10933,444,K,N,0.002964,0.0516,0.009312,K444N
REGN10933,444,K,P,0.001895,0.0516,0.009312,K444P
REGN10933,444,K,Q,0.003485,0.0516,0.009312,K444Q
REGN10933,444,K,R,0.001655,0.0516,0.009312,K444R
REGN10933,444,K,S,0.001125,0.0516,0.009312,K444S
REGN10933,444,K,T,0.001125,0.0516,0.009312,K444T
REGN10933,444,K,V,0.001125,0.0516,0.009312,K444V
REGN10933,444,K,W,0.003745,0.0516,0.009312,K444W
REGN10933,444,K,Y,0.00183,0.0516,0.009312,K444Y
REGN10933,445,V,A,0.007457,0.05938,0.0101,V445A
REGN10933,445,V,C,0.001125,0.05938,0.0101,V445C
REGN10933,445,V,D,0.001125,0.05938,0.0101,V445D
REGN10933,445,V,E,0.002399,0.05938,0.0101,V445E
REGN10933,445,V,F,0.001125,0.05938,0.0101,V445F
REGN10933,445,V,G,0.001125,0.05938,0.0101,V445G
REGN10933,445,V,H,0.001125,0.05938,0.0101,V445H
REGN10933,445,V,I,0.001125,0.05938,0.0101,V445I
REGN10933,445,V,K,0.001125,0.05938,0.0101,V445K
REGN10933,445,V,L,0.003621,0.05938,0.0101,V445L
REGN10933,445,V,M,0.005325,0.05938,0.0101,V445M
REGN10933,445,V,N,0.001125,0.05938,0.0101,V445N
REGN10933,445,V,P,0.009023,0.05938,0.0101,V445P
REGN10933,445,V,Q,0.001458,0.05938,0.0101,V445Q
REGN10933,445,V,R,0.001257,0.05938,0.0101,V445R
REGN10933,445,V,S,0.006363,0.05938,0.0101,V445S
REGN10933,445,V,T,0.001125,0.05938,0.0101,V445T
REGN10933,445,V,W,0.0101,0.05938,0.0101,V445W
REGN10933,445,V,Y,0.002262,0.05938,0.0101,V445Y
REGN10933,446,G,A,0.003839,0.08439,0.01658,G446A
REGN10933,446,G,C,0.01658,0.08439,0.01658,G446C
REGN10933,446,G,D,0.002491,0.08439,0.01658,G446D
REGN10933,446,G,E,0.001125,0.08439,0.01658,G446E
REGN10933,446,G,F,0.00398,0.08439,0.01658,G446F
REGN10933,446,G,H,0.002146,0.08439,0.01658,G446H
REGN10933,446,G,I,0.004254,0.08439,0.01658,G446I
REGN10933,446,G,K,0.002656,0.08439,0.01658,G446K
REGN10933,446,G,L,0.001125,0.08439,0.01658,G446L
REGN10933,446,G,M,0.01291,0.08439,0.01658,G446M
REGN10933,446,G,N,0.001411,0.08439,0.01658,G446N
REGN10933,446,G,P,0.004673,0.08439,0.01658,G446P
REGN10933,446,G,Q,0.001994,0.08439,0.01658,G446Q
REGN10933,446,G,R,0.008336,0.08439,0.01658,G446R
REGN10933,446,G,S,0.002072,0.08439,0.01658,G446S
REGN10933,446,G,T,0.00268,0.08439,0.01658,G446T
REGN10933,446,G,V,0.001125,0.08439,0.01658,G446V
REGN10933,446,G,W,0.009745,0.08439,0.01658,G446W
REGN10933,446,G,Y,0.001247,0.08439,0.01658,G446Y
REGN10933,447,G,A,0.001797,0.06834,0.0156,G447A
REGN10933,447,G,C,0.004508,0.06834,0.0156,G447C
REGN10933,447,G,D,0.001125,0.06834,0.0156,G447D
REGN10933,447,G,E,0.001125,0.06834,0.0156,G447E
REGN10933,447,G,F,0.0156,0.06834,0.0156,G447F
REGN10933,447,G,H,0.006635,0.06834,0.0156,G447H
REGN10933,447,G,I,0.003225,0.06834,0.0156,G447I
REGN10933,447,G,K,0.001125,0.06834,0.0156,G447K
REGN10933,447,G,L,0.009308,0.06834,0.0156,G447L
REGN10933,447,G,M,0.005232,0.06834,0.0156,G447M
REGN10933,447,G,N,0.003841,0.06834,0.0156,G447N
REGN10933,447,G,P,0.001271,0.06834,0.0156,G447P
REGN10933,447,G,Q,0.001301,0.06834,0.0156,G447Q
REGN10933,447,G,R,0.001125,0.06834,0.0156,G447R
REGN10933,447,G,S,0.001125,0.06834,0.0156,G447S
REGN10933,447,G,T,0.002406,0.06834,0.0156,G447T
REGN10933,447,G,V,0.005405,0.06834,0.0156,G447V
REGN10933,447,G,Y,0.002186,0.06834,0.0156,G447Y
REGN10933,448,N,A,0.01307,0.07413,0.01508,N448A
REGN10933,448,N,C,0.01508,0.07413,0.01508,N448C
REGN10933,448,N,D,0.002616,0.07413,0.01508,N448D
REGN10933,448,N,E,0.01198,0.07413,0.01508,N448E
REGN10933,448,N,G,0.001125,0.07413,0.01508,N448G
REGN10933,448,N,H,0.002236,0.07413,0.01508,N448H
REGN10933,448,N,K,0.004289,0.07413,0.01508,N448K
REGN10933,448,N,P,0.001125,0.07413,0.01508,N448P
REGN10933,448,N,Q,0.003873,0.07413,0.01508,N448Q
REGN10933,448,N,R,0.005607,0.07413,0.01508,N448R
REGN10933,448,N,S,0.001125,0.07413,0.01508,N448S
REGN10933,448,N,T,0.005167,0.07413,0.01508,N448T
REGN10933,448,N,V,0.004126,0.07413,0.01508,N448V
REGN10933,448,N,Y,0.002715,0.07413,0.01508,N448Y
REGN10933,449,Y,A,0.002041,0.04662,0.007334,Y449A
REGN10933,449,Y,C,0.002322,0.04662,0.007334,Y449C
REGN10933,449,Y,D,0.002331,0.04662,0.007334,Y449D
REGN10933,449,Y,E,0.002591,0.04662,0.007334,Y449E
REGN10933,449,Y,F,0.001125,0.04662,0.007334,Y449F
REGN10933,449,Y,G,0.001125,0.04662,0.007334,Y449G
REGN10933,449,Y,H,0.003523,0.04662,0.007334,Y449H
REGN10933,449,Y,I,0.006252,0.04662,0.007334,Y449I
REGN10933,449,Y,K,0.001125,0.04662,0.007334,Y449K
REGN10933,449,Y,L,0.001631,0.04662,0.007334,Y449L
REGN10933,449,Y,M,0.001674,0.04662,0.007334,Y449M
REGN10933,449,Y,N,0.001125,0.04662,0.007334,Y449N
REGN10933,449,Y,P,0.001125,0.04662,0.007334,Y449P
REGN10933,449,Y,Q,0.006315,0.04662,0.007334,Y449Q
REGN10933,449,Y,R,0.001612,0.04662,0.007334,Y449R
REGN10933,449,Y,S,0.001125,0.04662,0.007334,Y449S
REGN10933,449,Y,T,0.007334,0.04662,0.007334,Y449T
REGN10933,449,Y,V,0.001125,0.04662,0.007334,Y449V
REGN10933,449,Y,W,0.001125,0.04662,0.007334,Y449W
REGN10933,450,N,A,0.001125,0.07201,0.0117,N450A
REGN10933,450,N,C,0.0117,0.07201,0.0117,N450C
REGN10933,450,N,D,0.001216,0.07201,0.0117,N450D
REGN10933,450,N,E,0.00131,0.07201,0.0117,N450E
REGN10933,450,N,F,0.006864,0.07201,0.0117,N450F
REGN10933,450,N,G,0.001125,0.07201,0.0117,N450G
REGN10933,450,N,H,0.002372,0.07201,0.0117,N450H
REGN10933,450,N,I,0.01088,0.07201,0.0117,N450I
REGN10933,450,N,K,0.001125,0.07201,0.0117,N450K
REGN10933,450,N,L,0.005545,0.07201,0.0117,N450L
REGN10933,450,N,M,0.00174,0.07201,0.0117,N450M
REGN10933,450,N,P,0.00321,0.07201,0.0117,N450P
REGN10933,450,N,Q,0.001125,0.07201,0.0117,N450Q
REGN10933,450,N,R,0.001125,0.07201,0.0117,N450R
REGN10933,450,N,S,0.005766,0.07201,0.0117,N450S
REGN10933,450,N,T,0.002763,0.07201,0.0117,N450T
REGN10933,450,N,V,0.00695,0.07201,0.0117,N450V
REGN10933,450,N,W,0.003278,0.07201,0.0117,N450W
REGN10933,450,N,Y,0.002786,0.07201,0.0117,N450Y
REGN10933,451,Y,F,0.001125,0.0114,0.00317,Y451F
REGN10933,451,Y,H,0.001707,0.0114,0.00317,Y451H
REGN10933,451,Y,I,0.001743,0.0114,0.00317,Y451I
REGN10933,451,Y,L,0.00317,0.0114,0.00317,Y451L
REGN10933,451,Y,M,0.001821,0.0114,0.00317,Y451M
REGN10933,451,Y,Q,0.001831,0.0114,0.00317,Y451Q
REGN10933,452,L,A,0.001125,0.09089,0.03244,L452A
REGN10933,452,L,C,0.006542,0.09089,0.03244,L452C
REGN10933,452,L,D,0.006547,0.09089,0.03244,L452D
REGN10933,452,L,E,0.001643,0.09089,0.03244,L452E
REGN10933,452,L,F,0.001125,0.09089,0.03244,L452F
REGN10933,452,L,G,0.008469,0.09089,0.03244,L452G
REGN10933,452,L,H,0.002567,0.09089,0.03244,L452H
REGN10933,452,L,I,0.03244,0.09089,0.03244,L452I
REGN10933,452,L,K,0.001125,0.09089,0.03244,L452K
REGN10933,452,L,M,0.001951,0.09089,0.03244,L452M
REGN10933,452,L,N,0.00915,0.09089,0.03244,L452N
REGN10933,452,L,Q,0.002714,0.09089,0.03244,L452Q
REGN10933,452,L,R,0.001125,0.09089,0.03244,L452R
REGN10933,452,L,S,0.004886,0.09089,0.03244,L452S
REGN10933,452,L,T,0.001125,0.09089,0.03244,L452T
REGN10933,452,L,V,0.001666,0.09089,0.03244,L452V
REGN10933,452,L,W,0.001802,0.09089,0.03244,L452W
REGN10933,452,L,Y,0.004895,0.09089,0.03244,L452Y
REGN10933,453,Y,A,0.5938,4.098,0.6957,Y453A
REGN10933,453,Y,F,0.5735,4.098,0.6957,Y453F
REGN10933,453,Y,H,0.3966,4.098,0.6957,Y453H
REGN10933,453,Y,K,0.6957,4.098,0.6957,Y453K
REGN10933,453,Y,M,0.5563,4.098,0.6957,Y453M
REGN10933,453,Y,R,0.6462,4.098,0.6957,Y453R
REGN10933,453,Y,S,0.198,4.098,0.6957,Y453S
REGN10933,453,Y,V,0.4383,4.098,0.6957,Y453V
REGN10933,455,L,A,0.7148,6.836,0.9904,L455A
REGN10933,455,L,C,0.3907,6.836,0.9904,L455C
REGN10933,455,L,E,0.9904,6.836,0.9904,L455E
REGN10933,455,L,F,0.3624,6.836,0.9904,L455F
REGN10933,455,L,G,0.8482,6.836,0.9904,L455G
REGN10933,455,L,H,0.5042,6.836,0.9904,L455H
REGN10933,455,L,I,0.008348,6.836,0.9904,L455I
REGN10933,455,L,M,0.004371,6.836,0.9904,L455M
REGN10933,455,L,N,0.5334,6.836,0.9904,L455N
REGN10933,455,L,P,0.1836,6.836,0.9904,L455P
REGN10933,455,L,R,0.8508,6.836,0.9904,L455R
REGN10933,455,L,S,0.5444,6.836,0.9904,L455S
REGN10933,455,L,T,0.03796,6.836,0.9904,L455T
REGN10933,455,L,V,0.001125,6.836,0.9904,L455V
REGN10933,455,L,W,0.5742,6.836,0.9904,L455W
REGN10933,455,L,Y,0.2873,6.836,0.9904,L455Y
REGN10933,456,F,A,0.4065,1.423,0.6728,F456A
REGN10933,456,F,C,0.002679,1.423,0.6728,F456C
REGN10933,456,F,G,0.6728,1.423,0.6728,F456G
REGN10933,456,F,H,0.002305,1.423,0.6728,F456H
REGN10933,456,F,I,0.001125,1.423,0.6728,F456I
REGN10933,456,F,K,0.3117,1.423,0.6728,F456K
REGN10933,456,F,L,0.001125,1.423,0.6728,F456L
REGN10933,456,F,Q,0.002258,1.423,0.6728,F456Q
REGN10933,456,F,R,0.001125,1.423,0.6728,F456R
REGN10933,456,F,T,0.0112,1.423,0.6728,F456T
REGN10933,456,F,V,0.007879,1.423,0.6728,F456V
REGN10933,456,F,W,0.001125,1.423,0.6728,F456W
REGN10933,456,F,Y,0.001125,1.423,0.6728,F456Y
REGN10933,458,K,A,0.001125,0.04683,0.006737,K458A
REGN10933,458,K,D,0.001125,0.04683,0.006737,K458D
REGN10933,458,K,E,0.001663,0.04683,0.006737,K458E
REGN10933,458,K,F,0.001692,0.04683,0.006737,K458F
REGN10933,458,K,G,0.001442,0.04683,0.006737,K458G
REGN10933,458,K,H,0.006514,0.04683,0.006737,K458H
REGN10933,458,K,I,0.006737,0.04683,0.006737,K458I
REGN10933,458,K,L,0.001125,0.04683,0.006737,K458L
REGN10933,458,K,M,0.001637,0.04683,0.006737,K458M
REGN10933,458,K,N,0.001217,0.04683,0.006737,K458N
REGN10933,458,K,P,0.001125,0.04683,0.006737,K458P
REGN10933,458,K,Q,0.002847,0.04683,0.006737,K458Q
REGN10933,458,K,R,0.00355,0.04683,0.006737,K458R
REGN10933,458,K,S,0.002449,0.04683,0.006737,K458S
REGN10933,458,K,T,0.004075,0.04683,0.006737,K458T
REGN10933,458,K,V,0.003019,0.04683,0.006737,K458V
REGN10933,458,K,W,0.002754,0.04683,0.006737,K458W
REGN10933,458,K,Y,0.002735,0.04683,0.006737,K458Y
REGN10933,459,S,A,0.001313,0.04876,0.008479,S459A
REGN10933,459,S,C,0.002466,0.04876,0.008479,S459C
REGN10933,459,S,D,0.001382,0.04876,0.008479,S459D
REGN10933,459,S,E,0.001286,0.04876,0.008479,S459E
REGN10933,459,S,F,0.006412,0.04876,0.008479,S459F
REGN10933,459,S,G,0.008479,0.04876,0.008479,S459G
REGN10933,459,S,H,0.002589,0.04876,0.008479,S459H
REGN10933,459,S,I,0.003393,0.04876,0.008479,S459I
REGN10933,459,S,K,0.002885,0.04876,0.008479,S459K
REGN10933,459,S,L,0.003232,0.04876,0.008479,S459L
REGN10933,459,S,M,0.001125,0.04876,0.008479,S459M
REGN10933,459,S,N,0.001125,0.04876,0.008479,S459N
REGN10933,459,S,P,0.002298,0.04876,0.008479,S459P
REGN10933,459,S,Q,0.001278,0.04876,0.008479,S459Q
REGN10933,459,S,R,0.003568,0.04876,0.008479,S459R
REGN10933,459,S,T,0.003028,0.04876,0.008479,S459T
REGN10933,459,S,V,0.001125,0.04876,0.008479,S459V
REGN10933,459,S,Y,0.001781,0.04876,0.008479,S459Y
REGN10933,460,N,A,0.003154,0.05925,0.02696,N460A
REGN10933,460,N,C,0.001125,0.05925,0.02696,N460C
REGN10933,460,N,D,0.001125,0.05925,0.02696,N460D
REGN10933,460,N,E,0.005124,0.05925,0.02696,N460E
REGN10933,460,N,F,0.002559,0.05925,0.02696,N460F
REGN10933,460,N,G,0.02696,0.05925,0.02696,N460G
REGN10933,460,N,H,0.001125,0.05925,0.02696,N460H
REGN10933,460,N,I,0.001125,0.05925,0.02696,N460I
REGN10933,460,N,K,0.001719,0.05925,0.02696,N460K
REGN10933,460,N,L,0.001125,0.05925,0.02696,N460L
REGN10933,460,N,M,0.00433,0.05925,0.02696,N460M
REGN10933,460,N,P,0.001868,0.05925,0.02696,N460P
REGN10933,460,N,Q,0.002118,0.05925,0.02696,N460Q
REGN10933,460,N,R,0.001125,0.05925,0.02696,N460R
REGN10933,460,N,S,0.001125,0.05925,0.02696,N460S
REGN10933,460,N,T,0.001295,0.05925,0.02696,N460T
REGN10933,460,N,V,0.001125,0.05925,0.02696,N460V
REGN10933,460,N,Y,0.001125,0.05925,0.02696,N460Y
REGN10933,461,L,I,0.01166,0.01542,0.01166,L461I
REGN10933,461,L,M,0.002249,0.01542,0.01166,L461M
REGN10933,461,L,V,0.00151,0.01542,0.01166,L461V
REGN10933,462,K,A,0.002923,0.05498,0.01133,K462A
REGN10933,462,K,C,0.001125,0.05498,0.01133,K462C
REGN10933,462,K,D,0.001125,0.05498,0.01133,K462D
REGN10933,462,K,E,0.0084,0.05498,0.01133,K462E
REGN10933,462,K,F,0.005292,0.05498,0.01133,K462F
REGN10933,462,K,G,0.007069,0.05498,0.01133,K462G
REGN10933,462,K,H,0.001125,0.05498,0.01133,K462H
REGN10933,462,K,I,0.01133,0.05498,0.01133,K462I
REGN10933,462,K,L,0.001125,0.05498,0.01133,K462L
REGN10933,462,K,M,0.001125,0.05498,0.01133,K462M
REGN10933,462,K,N,0.001125,0.05498,0.01133,K462N
REGN10933,462,K,Q,0.001125,0.05498,0.01133,K462Q
REGN10933,462,K,R,0.001125,0.05498,0.01133,K462R
REGN10933,462,K,S,0.001125,0.05498,0.01133,K462S
REGN10933,462,K,T,0.001125,0.05498,0.01133,K462T
REGN10933,462,K,V,0.001125,0.05498,0.01133,K462V
REGN10933,462,K,Y,0.007588,0.05498,0.01133,K462Y
REGN10933,463,P,A,0.001945,0.001945,0.001945,P463A
REGN10933,464,F,A,0.02393,0.07006,0.02393,F464A
REGN10933,464,F,G,0.001727,0.07006,0.02393,F464G
REGN10933,464,F,H,0.001125,0.07006,0.02393,F464H
REGN10933,464,F,L,0.01232,0.07006,0.02393,F464L
REGN10933,464,F,M,0.0032,0.07006,0.02393,F464M
REGN10933,464,F,N,0.002662,0.07006,0.02393,F464N
REGN10933,464,F,Q,0.003589,0.07006,0.02393,F464Q
REGN10933,464,F,S,0.01926,0.07006,0.02393,F464S
REGN10933,464,F,W,0.001125,0.07006,0.02393,F464W
REGN10933,464,F,Y,0.001125,0.07006,0.02393,F464Y
REGN10933,465,E,D,0.02096,0.02888,0.02096,E465D
REGN10933,465,E,G,0.001156,0.02888,0.02096,E465G
REGN10933,465,E,H,0.002581,0.02888,0.02096,E465H
REGN10933,465,E,Q,0.004178,0.02888,0.02096,E465Q
REGN10933,466,R,H,0.005082,0.009399,0.005082,R466H
REGN10933,466,R,K,0.001125,0.009399,0.005082,R466K
REGN10933,466,R,Q,0.003193,0.009399,0.005082,R466Q
REGN10933,468,I,A,0.001125,0.07923,0.02065,I468A
REGN10933,468,I,C,0.002398,0.07923,0.02065,I468C
REGN10933,468,I,D,0.001125,0.07923,0.02065,I468D
REGN10933,468,I,E,0.001125,0.07923,0.02065,I468E
REGN10933,468,I,G,0.008893,0.07923,0.02065,I468G
REGN10933,468,I,H,0.02065,0.07923,0.02065,I468H
REGN10933,468,I,K,0.007687,0.07923,0.02065,I468K
REGN10933,468,I,L,0.001587,0.07923,0.02065,I468L
REGN10933,468,I,M,0.002781,0.07923,0.02065,I468M
REGN10933,468,I,N,0.007256,0.07923,0.02065,I468N
REGN10933,468,I,P,0.006198,0.07923,0.02065,I468P
REGN10933,468,I,Q,0.001125,0.07923,0.02065,I468Q
REGN10933,468,I,R,0.003825,0.07923,0.02065,I468R
REGN10933,468,I,S,0.001713,0.07923,0.02065,I468S
REGN10933,468,I,T,0.001125,0.07923,0.02065,I468T
REGN10933,468,I,V,0.003451,0.07923,0.02065,I468V
REGN10933,468,I,Y,0.007172,0.07923,0.02065,I468Y
REGN10933,469,S,A,0.006767,0.02501,0.006767,S469A
REGN10933,469,S,C,0.001125,0.02501,0.006767,S469C
REGN10933,469,S,D,0.002845,0.02501,0.006767,S469D
REGN10933,469,S,E,0.001534,0.02501,0.006767,S469E
REGN10933,469,S,G,0.001125,0.02501,0.006767,S469G
REGN10933,469,S,K,0.001254,0.02501,0.006767,S469K
REGN10933,469,S,N,0.001125,0.02501,0.006767,S469N
REGN10933,469,S,Q,0.002601,0.02501,0.006767,S469Q
REGN10933,469,S,R,0.002284,0.02501,0.006767,S469R
REGN10933,469,S,T,0.00435,0.02501,0.006767,S469T
REGN10933,470,T,A,0.001125,0.04582,0.01181,T470A
REGN10933,470,T,C,0.001125,0.04582,0.01181,T470C
REGN10933,470,T,D,0.003164,0.04582,0.01181,T470D
REGN10933,470,T,E,0.001125,0.04582,0.01181,T470E
REGN10933,470,T,F,0.0008249,0.04582,0.01181,T470F
REGN10933,470,T,G,0.003001,0.04582,0.01181,T470G
REGN10933,470,T,H,0.004827,0.04582,0.01181,T470H
REGN10933,470,T,I,0.001125,0.04582,0.01181,T470I
REGN10933,470,T,K,0.001125,0.04582,0.01181,T470K
REGN10933,470,T,L,0.004241,0.04582,0.01181,T470L
REGN10933,470,T,M,0.001125,0.04582,0.01181,T470M
REGN10933,470,T,N,0.005147,0.04582,0.01181,T470N
REGN10933,470,T,Q,0.01181,0.04582,0.01181,T470Q
REGN10933,470,T,R,0.001125,0.04582,0.01181,T470R
REGN10933,470,T,S,0.001125,0.04582,0.01181,T470S
REGN10933,470,T,V,0.001125,0.04582,0.01181,T470V
REGN10933,470,T,Y,0.002692,0.04582,0.01181,T470Y
REGN10933,471,E,A,0.001125,0.03915,0.00635,E471A
REGN10933,471,E,C,0.002881,0.03915,0.00635,E471C
REGN10933,471,E,D,0.00135,0.03915,0.00635,E471D
REGN10933,471,E,F,0.002299,0.03915,0.00635,E471F
REGN10933,471,E,G,0.001826,0.03915,0.00635,E471G
REGN10933,471,E,H,0.00635,0.03915,0.00635,E471H
REGN10933,471,E,I,0.001782,0.03915,0.00635,E471I
REGN10933,471,E,K,0.004105,0.03915,0.00635,E471K
REGN10933,471,E,L,0.001125,0.03915,0.00635,E471L
REGN10933,471,E,M,0.003797,0.03915,0.00635,E471M
REGN10933,471,E,N,0.001125,0.03915,0.00635,E471N
REGN10933,471,E,P,0.002007,0.03915,0.00635,E471P
REGN10933,471,E,Q,0.001125,0.03915,0.00635,E471Q
REGN10933,471,E,R,0.002144,0.03915,0.00635,E471R
REGN10933,471,E,S,0.00197,0.03915,0.00635,E471S
REGN10933,471,E,T,0.001125,0.03915,0.00635,E471T
REGN10933,471,E,V,0.00189,0.03915,0.00635,E471V
REGN10933,471,E,Y,0.001125,0.03915,0.00635,E471Y
REGN10933,472,I,A,0.004343,0.8258,0.4552,I472A
REGN10933,472,I,C,0.05317,0.8258,0.4552,I472C
REGN10933,472,I,D,0.4552,0.8258,0.4552,I472D
REGN10933,472,I,E,0.02677,0.8258,0.4552,I472E
REGN10933,472,I,F,0.00309,0.8258,0.4552,I472F
REGN10933,472,I,G,0.122,0.8258,0.4552,I472G
REGN10933,472,I,H,0.01257,0.8258,0.4552,I472H
REGN10933,472,I,K,0.07492,0.8258,0.4552,I472K
REGN10933,472,I,L,0.001125,0.8258,0.4552,I472L
REGN10933,472,I,M,0.001125,0.8258,0.4552,I472M
REGN10933,472,I,N,0.02899,0.8258,0.4552,I472N
REGN10933,472,I,P,0.002321,0.8258,0.4552,I472P
REGN10933,472,I,Q,0.01685,0.8258,0.4552,I472Q
REGN10933,472,I,S,0.01145,0.8258,0.4552,I472S
REGN10933,472,I,T,0.002404,0.8258,0.4552,I472T
REGN10933,472,I,V,0.001125,0.8258,0.4552,I472V
REGN10933,472,I,W,0.001615,0.8258,0.4552,I472W
REGN10933,472,I,Y,0.006716,0.8258,0.4552,I472Y
REGN10933,473,Y,A,0.006586,0.1584,0.1092,Y473A
REGN10933,473,Y,C,0.1092,0.1584,0.1092,Y473C
REGN10933,473,Y,E,0.002576,0.1584,0.1092,Y473E
REGN10933,473,Y,F,0.004184,0.1584,0.1092,Y473F
REGN10933,473,Y,H,0.001125,0.1584,0.1092,Y473H
REGN10933,473,Y,I,0.001125,0.1584,0.1092,Y473I
REGN10933,473,Y,L,0.001125,0.1584,0.1092,Y473L
REGN10933,473,Y,M,0.006661,0.1584,0.1092,Y473M
REGN10933,473,Y,N,0.006545,0.1584,0.1092,Y473N
REGN10933,473,Y,Q,0.003111,0.1584,0.1092,Y473Q
REGN10933,473,Y,S,0.006958,0.1584,0.1092,Y473S
REGN10933,473,Y,T,0.004548,0.1584,0.1092,Y473T
REGN10933,473,Y,V,0.001125,0.1584,0.1092,Y473V
REGN10933,473,Y,W,0.003582,0.1584,0.1092,Y473W
REGN10933,474,Q,A,0.001193,0.0499,0.0116,Q474A
REGN10933,474,Q,D,0.0116,0.0499,0.0116,Q474D
REGN10933,474,Q,E,0.002272,0.0499,0.0116,Q474E
REGN10933,474,Q,G,0.001264,0.0499,0.0116,Q474G
REGN10933,474,Q,H,0.002296,0.0499,0.0116,Q474H
REGN10933,474,Q,K,0.001202,0.0499,0.0116,Q474K
REGN10933,474,Q,M,0.002318,0.0499,0.0116,Q474M
REGN10933,474,Q,N,0.007816,0.0499,0.0116,Q474N
REGN10933,474,Q,P,0.003435,0.0499,0.0116,Q474P
REGN10933,474,Q,R,0.005652,0.0499,0.0116,Q474R
REGN10933,474,Q,S,0.005187,0.0499,0.0116,Q474S
REGN10933,474,Q,T,0.002536,0.0499,0.0116,Q474T
REGN10933,474,Q,V,0.003124,0.0499,0.0116,Q474V
REGN10933,475,A,C,0.01121,1.842,0.9107,A475C
REGN10933,475,A,D,0.381,1.842,0.9107,A475D
REGN10933,475,A,E,0.02308,1.842,0.9107,A475E
REGN10933,475,A,F,0.002726,1.842,0.9107,A475F
REGN10933,475,A,G,0.007353,1.842,0.9107,A475G
REGN10933,475,A,I,0.008655,1.842,0.9107,A475I
REGN10933,475,A,K,0.4288,1.842,0.9107,A475K
REGN10933,475,A,L,0.01219,1.842,0.9107,A475L
REGN10933,475,A,M,0.006622,1.842,0.9107,A475M
REGN10933,475,A,N,0.9107,1.842,0.9107,A475N
REGN10933,475,A,Q,0.005445,1.842,0.9107,A475Q
REGN10933,475,A,R,0.01739,1.842,0.9107,A475R
REGN10933,475,A,S,0.01052,1.842,0.9107,A475S
REGN10933,475,A,T,0.008823,1.842,0.9107,A475T
REGN10933,475,A,V,0.001403,1.842,0.9107,A475V
REGN10933,475,A,Y,0.005608,1.842,0.9107,A475Y
REGN10933,476,G,A,0.002267,2.896,0.8944,G476A
REGN10933,476,G,D,0.8944,2.896,0.8944,G476D
REGN10933,476,G,E,0.8074,2.896,0.8944,G476E
REGN10933,476,G,H,0.002195,2.896,0.8944,G476H
REGN10933,476,G,K,0.4338,2.896,0.8944,G476K
REGN10933,476,G,N,0.2345,2.896,0.8944,G476N
REGN10933,476,G,Q,0.01047,2.896,0.8944,G476Q
REGN10933,476,G,R,0.4691,2.896,0.8944,G476R
REGN10933,476,G,S,0.03826,2.896,0.8944,G476S
REGN10933,476,G,T,0.004044,2.896,0.8944,G476T
REGN10933,477,S,A,0.001659,0.1754,0.07464,S477A
REGN10933,477,S,C,0.0259,0.1754,0.07464,S477C
REGN10933,477,S,D,0.01469,0.1754,0.07464,S477D
REGN10933,477,S,F,0.07464,0.1754,0.07464,S477F
REGN10933,477,S,G,0.001125,0.1754,0.07464,S477G
REGN10933,477,S,H,0.002249,0.1754,0.07464,S477H
REGN10933,477,S,I,0.005487,0.1754,0.07464,S477I
REGN10933,477,S,L,0.01434,0.1754,0.07464,S477L
REGN10933,477,S,N,0.003468,0.1754,0.07464,S477N
REGN10933,477,S,P,0.009823,0.1754,0.07464,S477P
REGN10933,477,S,Q,0.001125,0.1754,0.07464,S477Q
REGN10933,477,S,R,0.002008,0.1754,0.07464,S477R
REGN10933,477,S,T,0.001374,0.1754,0.07464,S477T
REGN10933,477,S,V,0.005093,0.1754,0.07464,S477V
REGN10933,477,S,W,0.002249,0.1754,0.07464,S477W
REGN10933,477,S,Y,0.01015,0.1754,0.07464,S477Y
REGN10933,478,T,A,0.002078,0.06137,0.01131,T478A
REGN10933,478,T,C,0.001939,0.06137,0.01131,T478C
REGN10933,478,T,D,0.008733,0.06137,0.01131,T478D
REGN10933,478,T,E,0.002553,0.06137,0.01131,T478E
REGN10933,478,T,F,0.00151,0.06137,0.01131,T478F
REGN10933,478,T,G,0.007115,0.06137,0.01131,T478G
REGN10933,478,T,H,0.001125,0.06137,0.01131,T478H
REGN10933,478,T,I,0.001125,0.06137,0.01131,T478I
REGN10933,478,T,K,0.001125,0.06137,0.01131,T478K
REGN10933,478,T,L,0.002384,0.06137,0.01131,T478L
REGN10933,478,T,M,0.001125,0.06137,0.01131,T478M
REGN10933,478,T,N,0.005068,0.06137,0.01131,T478N
REGN10933,478,T,P,0.007186,0.06137,0.01131,T478P
REGN10933,478,T,Q,0.001125,0.06137,0.01131,T478Q
REGN10933,478,T,R,0.001125,0.06137,0.01131,T478R
REGN10933,478,T,S,0.001125,0.06137,0.01131,T478S
REGN10933,478,T,V,0.002492,0.06137,0.01131,T478V
REGN10933,478,T,W,0.01131,0.06137,0.01131,T478W
REGN10933,478,T,Y,0.001125,0.06137,0.01131,T478Y
REGN10933,479,P,A,0.001125,0.04875,0.01098,P479A
REGN10933,479,P,C,0.001125,0.04875,0.01098,P479C
REGN10933,479,P,D,0.001125,0.04875,0.01098,P479D
REGN10933,479,P,E,0.001125,0.04875,0.01098,P479E
REGN10933,479,P,F,0.001125,0.04875,0.01098,P479F
REGN10933,479,P,G,0.001175,0.04875,0.01098,P479G
REGN10933,479,P,H,0.001125,0.04875,0.01098,P479H
REGN10933,479,P,I,0.003043,0.04875,0.01098,P479I
REGN10933,479,P,K,0.001125,0.04875,0.01098,P479K
REGN10933,479,P,L,0.008205,0.04875,0.01098,P479L
REGN10933,479,P,M,0.008047,0.04875,0.01098,P479M
REGN10933,479,P,N,0.001125,0.04875,0.01098,P479N
REGN10933,479,P,Q,0.001125,0.04875,0.01098,P479Q
REGN10933,479,P,R,0.01098,0.04875,0.01098,P479R
REGN10933,479,P,S,0.002001,0.04875,0.01098,P479S
REGN10933,479,P,T,0.002465,0.04875,0.01098,P479T
REGN10933,479,P,V,0.001125,0.04875,0.01098,P479V
REGN10933,479,P,Y,0.001591,0.04875,0.01098,P479Y
REGN10933,481,N,A,0.004697,0.1427,0.07559,N481A
REGN10933,481,N,C,0.004891,0.1427,0.07559,N481C
REGN10933,481,N,D,0.003158,0.1427,0.07559,N481D
REGN10933,481,N,E,0.001125,0.1427,0.07559,N481E
REGN10933,481,N,F,0.002724,0.1427,0.07559,N481F
REGN10933,481,N,G,0.001637,0.1427,0.07559,N481G
REGN10933,481,N,H,0.006419,0.1427,0.07559,N481H
REGN10933,481,N,I,0.002269,0.1427,0.07559,N481I
REGN10933,481,N,K,0.002555,0.1427,0.07559,N481K
REGN10933,481,N,L,0.004965,0.1427,0.07559,N481L
REGN10933,481,N,M,0.003559,0.1427,0.07559,N481M
REGN10933,481,N,P,0.002351,0.1427,0.07559,N481P
REGN10933,481,N,Q,0.001125,0.1427,0.07559,N481Q
REGN10933,481,N,R,0.006744,0.1427,0.07559,N481R
REGN10933,481,N,S,0.00264,0.1427,0.07559,N481S
REGN10933,481,N,T,0.005894,0.1427,0.07559,N481T
REGN10933,481,N,V,0.07559,0.1427,0.07559,N481V
REGN10933,481,N,Y,0.01035,0.1427,0.07559,N481Y
REGN10933,482,G,A,0.001125,0.0817,0.01997,G482A
REGN10933,482,G,C,0.004872,0.0817,0.01997,G482C
REGN10933,482,G,D,0.001343,0.0817,0.01997,G482D
REGN10933,482,G,F,0.002704,0.0817,0.01997,G482F
REGN10933,482,G,H,0.005388,0.0817,0.01997,G482H
REGN10933,482,G,K,0.001907,0.0817,0.01997,G482K
REGN10933,482,G,L,0.01427,0.0817,0.01997,G482L
REGN10933,482,G,N,0.005791,0.0817,0.01997,G482N
REGN10933,482,G,P,0.01997,0.0817,0.01997,G482P
REGN10933,482,G,Q,0.001125,0.0817,0.01997,G482Q
REGN10933,482,G,R,0.004182,0.0817,0.01997,G482R
REGN10933,482,G,S,0.001607,0.0817,0.01997,G482S
REGN10933,482,G,T,0.003632,0.0817,0.01997,G482T
REGN10933,482,G,Y,0.01378,0.0817,0.01997,G482Y
REGN10933,483,V,A,0.003277,0.04267,0.007235,V483A
REGN10933,483,V,C,0.002863,0.04267,0.007235,V483C
REGN10933,483,V,D,0.001419,0.04267,0.007235,V483D
REGN10933,483,V,E,0.001718,0.04267,0.007235,V483E
REGN10933,483,V,F,0.001125,0.04267,0.007235,V483F
REGN10933,483,V,G,0.007039,0.04267,0.007235,V483G
REGN10933,483,V,H,0.002291,0.04267,0.007235,V483H
REGN10933,483,V,I,0.001125,0.04267,0.007235,V483I
REGN10933,483,V,K,0.003878,0.04267,0.007235,V483K
REGN10933,483,V,L,0.001125,0.04267,0.007235,V483L
REGN10933,483,V,M,0.001125,0.04267,0.007235,V483M
REGN10933,483,V,N,0.0017,0.04267,0.007235,V483N
REGN10933,483,V,Q,0.007235,0.04267,0.007235,V483Q
REGN10933,483,V,R,0.001973,0.04267,0.007235,V483R
REGN10933,483,V,S,0.001125,0.04267,0.007235,V483S
REGN10933,483,V,T,0.001125,0.04267,0.007235,V483T
REGN10933,483,V,W,0.001401,0.04267,0.007235,V483W
REGN10933,483,V,Y,0.001125,0.04267,0.007235,V483Y
REGN10933,484,E,A,0.01316,3.038,0.5552,E484A
REGN10933,484,E,C,0.04464,3.038,0.5552,E484C
REGN10933,484,E,D,0.001125,3.038,0.5552,E484D
REGN10933,484,E,F,0.4695,3.038,0.5552,E484F
REGN10933,484,E,G,0.00712,3.038,0.5552,E484G
REGN10933,484,E,H,0.005499,3.038,0.5552,E484H
REGN10933,484,E,I,0.5415,3.038,0.5552,E484I
REGN10933,484,E,K,0.008034,3.038,0.5552,E484K
REGN10933,484,E,L,0.5425,3.038,0.5552,E484L
REGN10933,484,E,M,0.03207,3.038,0.5552,E484M
REGN10933,484,E,N,0.00912,3.038,0.5552,E484N
REGN10933,484,E,P,0.007114,3.038,0.5552,E484P
REGN10933,484,E,Q,0.003081,3.038,0.5552,E484Q
REGN10933,484,E,R,0.01758,3.038,0.5552,E484R
REGN10933,484,E,S,0.001125,3.038,0.5552,E484S
REGN10933,484,E,T,0.009118,3.038,0.5552,E484T
REGN10933,484,E,V,0.5552,3.038,0.5552,E484V
REGN10933,484,E,W,0.2418,3.038,0.5552,E484W
REGN10933,484,E,Y,0.5288,3.038,0.5552,E484Y
REGN10933,485,G,A,0.001377,1.215,0.8925,G485A
REGN10933,485,G,C,0.02782,1.215,0.8925,G485C
REGN10933,485,G,D,0.01701,1.215,0.8925,G485D
REGN10933,485,G,E,0.03081,1.215,0.8925,G485E
REGN10933,485,G,H,0.01514,1.215,0.8925,G485H
REGN10933,485,G,K,0.001125,1.215,0.8925,G485K
REGN10933,485,G,M,0.01349,1.215,0.8925,G485M
REGN10933,485,G,N,0.01286,1.215,0.8925,G485N
REGN10933,485,G,P,0.8925,1.215,0.8925,G485P
REGN10933,485,G,Q,0.001125,1.215,0.8925,G485Q
REGN10933,485,G,R,0.008563,1.215,0.8925,G485R
REGN10933,485,G,S,0.01071,1.215,0.8925,G485S
REGN10933,485,G,T,0.1827,1.215,0.8925,G485T
REGN10933,486,F,A,0.9669,14.32,0.9875,F486A
REGN10933,486,F,C,0.9307,14.32,0.9875,F486C
REGN10933,486,F,D,0.9834,14.32,0.9875,F486D
REGN10933,486,F,E,0.9494,14.32,0.9875,F486E
REGN10933,486,F,G,0.9806,14.32,0.9875,F486G
REGN10933,486,F,H,0.509,14.32,0.9875,F486H
REGN10933,486,F,I,0.8248,14.32,0.9875,F486I
REGN10933,486,F,K,0.9875,14.32,0.9875,F486K
REGN10933,486,F,L,0.2666,14.32,0.9875,F486L
REGN10933,486,F,M,0.2303,14.32,0.9875,F486M
REGN10933,486,F,N,0.9639,14.32,0.9875,F486N
REGN10933,486,F,P,0.9648,14.32,0.9875,F486P
REGN10933,486,F,Q,0.9318,14.32,0.9875,F486Q
REGN10933,486,F,R,0.9549,14.32,0.9875,F486R
REGN10933,486,F,S,0.9704,14.32,0.9875,F486S
REGN10933,486,F,T,0.9634,14.32,0.9875,F486T
REGN10933,486,F,V,0.943,14.32,0.9875,F486V
REGN10933,486,F,W,0.001125,14.32,0.9875,F486W
REGN10933,486,F,Y,0.001125,14.32,0.9875,F486Y
REGN10933,487,N,A,0.01089,7.337,0.9573,N487A
REGN10933,487,N,D,0.8188,7.337,0.9573,N487D
REGN10933,487,N,E,0.9573,7.337,0.9573,N487E
REGN10933,487,N,F,0.9566,7.337,0.9573,N487F
REGN10933,487,N,G,0.001438,7.337,0.9573,N487G
REGN10933,487,N,H,0.003854,7.337,0.9573,N487H
REGN10933,487,N,K,0.6412,7.337,0.9573,N487K
REGN10933,487,N,L,0.802,7.337,0.9573,N487L
REGN10933,487,N,M,0.614,7.337,0.9573,N487M
REGN10933,487,N,Q,0.02762,7.337,0.9573,N487Q
REGN10933,487,N,R,0.9482,7.337,0.9573,N487R
REGN10933,487,N,S,0.008926,7.337,0.9573,N487S
REGN10933,487,N,T,0.6334,7.337,0.9573,N487T
REGN10933,487,N,Y,0.913,7.337,0.9573,N487Y
REGN10933,489,Y,F,0.01891,5.545,0.9402,Y489F
REGN10933,489,Y,H,0.9402,5.545,0.9402,Y489H
REGN10933,489,Y,I,0.794,5.545,0.9402,Y489I
REGN10933,489,Y,L,0.748,5.545,0.9402,Y489L
REGN10933,489,Y,M,0.5029,5.545,0.9402,Y489M
REGN10933,489,Y,Q,0.8957,5.545,0.9402,Y489Q
REGN10933,489,Y,V,0.9067,5.545,0.9402,Y489V
REGN10933,489,Y,W,0.7384,5.545,0.9402,Y489W
REGN10933,490,F,A,0.001125,0.0753,0.02526,F490A
REGN10933,490,F,C,0.003032,0.0753,0.02526,F490C
REGN10933,490,F,D,0.001125,0.0753,0.02526,F490D
REGN10933,490,F,E,0.001125,0.0753,0.02526,F490E
REGN10933,490,F,G,0.001125,0.0753,0.02526,F490G
REGN10933,490,F,H,0.001125,0.0753,0.02526,F490H
REGN10933,490,F,I,0.004915,0.0753,0.02526,F490I
REGN10933,490,F,K,0.001312,0.0753,0.02526,F490K
REGN10933,490,F,L,0.008067,0.0753,0.02526,F490L
REGN10933,490,F,M,0.01036,0.0753,0.02526,F490M
REGN10933,490,F,N,0.001125,0.0753,0.02526,F490N
REGN10933,490,F,P,0.001125,0.0753,0.02526,F490P
REGN10933,490,F,Q,0.02526,0.0753,0.02526,F490Q
REGN10933,490,F,R,0.005166,0.0753,0.02526,F490R
REGN10933,490,F,S,0.001612,0.0753,0.02526,F490S
REGN10933,490,F,T,0.001125,0.0753,0.02526,F490T
REGN10933,490,F,V,0.003701,0.0753,0.02526,F490V
REGN10933,490,F,W,0.001758,0.0753,0.02526,F490W
REGN10933,490,F,Y,0.001125,0.0753,0.02526,F490Y
REGN10933,492,L,F,0.001883,0.01007,0.007061,L492F
REGN10933,492,L,I,0.001125,0.01007,0.007061,L492I
REGN10933,492,L,V,0.007061,0.01007,0.007061,L492V
REGN10933,493,Q,A,0.08755,5.031,0.7925,Q493A
REGN10933,493,Q,C,0.6059,5.031,0.7925,Q493C
REGN10933,493,Q,D,0.7925,5.031,0.7925,Q493D
REGN10933,493,Q,E,0.7195,5.031,0.7925,Q493E
REGN10933,493,Q,F,0.4491,5.031,0.7925,Q493F
REGN10933,493,Q,G,0.03218,5.031,0.7925,Q493G
REGN10933,493,Q,H,0.195,5.031,0.7925,Q493H
REGN10933,493,Q,I,0.06399,5.031,0.7925,Q493I
REGN10933,493,Q,K,0.6328,5.031,0.7925,Q493K
REGN10933,493,Q,L,0.1787,5.031,0.7925,Q493L
REGN10933,493,Q,M,0.02785,5.031,0.7925,Q493M
REGN10933,493,Q,N,0.001125,5.031,0.7925,Q493N
REGN10933,493,Q,R,0.1046,5.031,0.7925,Q493R
REGN10933,493,Q,S,0.04426,5.031,0.7925,Q493S
REGN10933,493,Q,T,0.006014,5.031,0.7925,Q493T
REGN10933,493,Q,V,0.026,5.031,0.7925,Q493V
REGN10933,493,Q,W,0.4258,5.031,0.7925,Q493W
REGN10933,493,Q,Y,0.6379,5.031,0.7925,Q493Y
REGN10933,494,S,A,0.001125,0.05958,0.01418,S494A
REGN10933,494,S,D,0.01418,0.05958,0.01418,S494D
REGN10933,494,S,F,0.001125,0.05958,0.01418,S494F
REGN10933,494,S,G,0.002423,0.05958,0.01418,S494G
REGN10933,494,S,H,0.001125,0.05958,0.01418,S494H
REGN10933,494,S,I,0.009906,0.05958,0.01418,S494I
REGN10933,494,S,K,0.001125,0.05958,0.01418,S494K
REGN10933,494,S,M,0.003681,0.05958,0.01418,S494M
REGN10933,494,S,N,0.001125,0.05958,0.01418,S494N
REGN10933,494,S,P,0.004439,0.05958,0.01418,S494P
REGN10933,494,S,R,0.003385,0.05958,0.01418,S494R
REGN10933,494,S,T,0.002181,0.05958,0.01418,S494T
REGN10933,494,S,V,0.005876,0.05958,0.01418,S494V
REGN10933,494,S,W,0.003241,0.05958,0.01418,S494W
REGN10933,494,S,Y,0.004638,0.05958,0.01418,S494Y
REGN10933,496,G,A,0.001125,0.0802,0.02201,G496A
REGN10933,496,G,C,0.006216,0.0802,0.02201,G496C
REGN10933,496,G,D,0.001125,0.0802,0.02201,G496D
REGN10933,496,G,E,0.00469,0.0802,0.02201,G496E
REGN10933,496,G,F,0.002095,0.0802,0.02201,G496F
REGN10933,496,G,H,0.006929,0.0802,0.02201,G496H
REGN10933,496,G,I,0.003704,0.0802,0.02201,G496I
REGN10933,496,G,K,0.01085,0.0802,0.02201,G496K
REGN10933,496,G,L,0.006741,0.0802,0.02201,G496L
REGN10933,496,G,M,0.003109,0.0802,0.02201,G496M
REGN10933,496,G,N,0.00168,0.0802,0.02201,G496N
REGN10933,496,G,Q,0.001125,0.0802,0.02201,G496Q
REGN10933,496,G,R,0.001125,0.0802,0.02201,G496R
REGN10933,496,G,S,0.001977,0.0802,0.02201,G496S
REGN10933,496,G,T,0.001125,0.0802,0.02201,G496T
REGN10933,496,G,V,0.02201,0.0802,0.02201,G496V
REGN10933,496,G,W,0.002074,0.0802,0.02201,G496W
REGN10933,496,G,Y,0.002492,0.0802,0.02201,G496Y
REGN10933,498,Q,A,0.001125,0.03628,0.008501,Q498A
REGN10933,498,Q,C,0.002434,0.03628,0.008501,Q498C
REGN10933,498,Q,D,0.004202,0.03628,0.008501,Q498D
REGN10933,498,Q,E,0.001125,0.03628,0.008501,Q498E
REGN10933,498,Q,F,0.001125,0.03628,0.008501,Q498F
REGN10933,498,Q,G,0.001125,0.03628,0.008501,Q498G
REGN10933,498,Q,H,0.003255,0.03628,0.008501,Q498H
REGN10933,498,Q,I,0.008501,0.03628,0.008501,Q498I
REGN10933,498,Q,K,0.001125,0.03628,0.008501,Q498K
REGN10933,498,Q,L,0.002896,0.03628,0.008501,Q498L
REGN10933,498,Q,M,0.001125,0.03628,0.008501,Q498M
REGN10933,498,Q,N,0.001125,0.03628,0.008501,Q498N
REGN10933,498,Q,R,0.001125,0.03628,0.008501,Q498R
REGN10933,498,Q,S,0.001265,0.03628,0.008501,Q498S
REGN10933,498,Q,T,0.001125,0.03628,0.008501,Q498T
REGN10933,498,Q,V,0.001353,0.03628,0.008501,Q498V
REGN10933,498,Q,W,0.001125,0.03628,0.008501,Q498W
REGN10933,498,Q,Y,0.001125,0.03628,0.008501,Q498Y
REGN10933,499,P,A,0.001125,0.04872,0.01884,P499A
REGN10933,499,P,C,0.00184,0.04872,0.01884,P499C
REGN10933,499,P,D,0.001125,0.04872,0.01884,P499D
REGN10933,499,P,E,0.001652,0.04872,0.01884,P499E
REGN10933,499,P,G,0.002041,0.04872,0.01884,P499G
REGN10933,499,P,H,0.002233,0.04872,0.01884,P499H
REGN10933,499,P,L,0.003719,0.04872,0.01884,P499L
REGN10933,499,P,M,0.003997,0.04872,0.01884,P499M
REGN10933,499,P,N,0.01884,0.04872,0.01884,P499N
REGN10933,499,P,Q,0.003581,0.04872,0.01884,P499Q
REGN10933,499,P,R,0.001179,0.04872,0.01884,P499R
REGN10933,499,P,S,0.001302,0.04872,0.01884,P499S
REGN10933,499,P,T,0.001125,0.04872,0.01884,P499T
REGN10933,499,P,V,0.002691,0.04872,0.01884,P499V
REGN10933,499,P,Y,0.00227,0.04872,0.01884,P499Y
REGN10933,500,T,A,0.007481,0.05371,0.007481,T500A
REGN10933,500,T,C,0.00217,0.05371,0.007481,T500C
REGN10933,500,T,D,0.002043,0.05371,0.007481,T500D
REGN10933,500,T,E,0.001125,0.05371,0.007481,T500E
REGN10933,500,T,F,0.003602,0.05371,0.007481,T500F
REGN10933,500,T,G,0.001125,0.05371,0.007481,T500G
REGN10933,500,T,H,0.001125,0.05371,0.007481,T500H
REGN10933,500,T,I,0.001448,0.05371,0.007481,T500I
REGN10933,500,T,K,0.001125,0.05371,0.007481,T500K
REGN10933,500,T,L,0.003235,0.05371,0.007481,T500L
REGN10933,500,T,M,0.006565,0.05371,0.007481,T500M
REGN10933,500,T,N,0.001125,0.05371,0.007481,T500N
REGN10933,500,T,P,0.005298,0.05371,0.007481,T500P
REGN10933,500,T,Q,0.005089,0.05371,0.007481,T500Q
REGN10933,500,T,R,0.001125,0.05371,0.007481,T500R
REGN10933,500,T,S,0.003401,0.05371,0.007481,T500S
REGN10933,500,T,V,0.001125,0.05371,0.007481,T500V
REGN10933,500,T,W,0.00438,0.05371,0.007481,T500W
REGN10933,500,T,Y,0.001125,0.05371,0.007481,T500Y
REGN10933,501,N,A,0.00639,0.06835,0.01264,N501A
REGN10933,501,N,C,0.001679,0.06835,0.01264,N501C
REGN10933,501,N,F,0.001125,0.06835,0.01264,N501F
REGN10933,501,N,G,0.002519,0.06835,0.01264,N501G
REGN10933,501,N,H,0.01035,0.06835,0.01264,N501H
REGN10933,501,N,I,0.002844,0.06835,0.01264,N501I
REGN10933,501,N,L,0.001125,0.06835,0.01264,N501L
REGN10933,501,N,M,0.006474,0.06835,0.01264,N501M
REGN10933,501,N,P,0.0021,0.06835,0.01264,N501P
REGN10933,501,N,Q,0.002504,0.06835,0.01264,N501Q
REGN10933,501,N,R,0.001189,0.06835,0.01264,N501R
REGN10933,501,N,S,0.003638,0.06835,0.01264,N501S
REGN10933,501,N,T,0.009383,0.06835,0.01264,N501T
REGN10933,501,N,V,0.01264,0.06835,0.01264,N501V
REGN10933,501,N,W,0.001125,0.06835,0.01264,N501W
REGN10933,501,N,Y,0.003267,0.06835,0.01264,N501Y
REGN10933,503,V,A,0.001125,0.04058,0.009509,V503A
REGN10933,503,V,C,0.001125,0.04058,0.009509,V503C
REGN10933,503,V,D,0.001125,0.04058,0.009509,V503D
REGN10933,503,V,E,0.001301,0.04058,0.009509,V503E
REGN10933,503,V,F,0.001125,0.04058,0.009509,V503F
REGN10933,503,V,G,0.002287,0.04058,0.009509,V503G
REGN10933,503,V,H,0.001125,0.04058,0.009509,V503H
REGN10933,503,V,I,0.001125,0.04058,0.009509,V503I
REGN10933,503,V,K,0.001125,0.04058,0.009509,V503K
REGN10933,503,V,L,0.001125,0.04058,0.009509,V503L
REGN10933,503,V,M,0.001912,0.04058,0.009509,V503M
REGN10933,503,V,N,0.003106,0.04058,0.009509,V503N
REGN10933,503,V,Q,0.002376,0.04058,0.009509,V503Q
REGN10933,503,V,R,0.001125,0.04058,0.009509,V503R
REGN10933,503,V,S,0.009509,0.04058,0.009509,V503S
REGN10933,503,V,T,0.00209,0.04058,0.009509,V503T
REGN10933,503,V,W,0.002266,0.04058,0.009509,V503W
REGN10933,503,V,Y,0.005608,0.04058,0.009509,V503Y
REGN10933,504,G,A,0.001424,0.04312,0.007605,G504A
REGN10933,504,G,C,0.002034,0.04312,0.007605,G504C
REGN10933,504,G,D,0.002557,0.04312,0.007605,G504D
REGN10933,504,G,E,0.00337,0.04312,0.007605,G504E
REGN10933,504,G,F,0.004482,0.04312,0.007605,G504F
REGN10933,504,G,H,0.001125,0.04312,0.007605,G504H
REGN10933,504,G,I,0.001125,0.04312,0.007605,G504I
REGN10933,504,G,K,0.001125,0.04312,0.007605,G504K
REGN10933,504,G,L,0.003616,0.04312,0.007605,G504L
REGN10933,504,G,M,0.001462,0.04312,0.007605,G504M
REGN10933,504,G,N,0.001592,0.04312,0.007605,G504N
REGN10933,504,G,P,0.001125,0.04312,0.007605,G504P
REGN10933,504,G,Q,0.002067,0.04312,0.007605,G504Q
REGN10933,504,G,R,0.001125,0.04312,0.007605,G504R
REGN10933,504,G,S,0.003873,0.04312,0.007605,G504S
REGN10933,504,G,T,0.001125,0.04312,0.007605,G504T
REGN10933,504,G,V,0.007605,0.04312,0.007605,G504V
REGN10933,504,G,W,0.001161,0.04312,0.007605,G504W
REGN10933,504,G,Y,0.001125,0.04312,0.007605,G504Y
REGN10933,505,Y,F,0.003488,0.02695,0.009064,Y505F
REGN10933,505,Y,H,0.002066,0.02695,0.009064,Y505H
REGN10933,505,Y,M,0.009064,0.02695,0.009064,Y505M
REGN10933,505,Y,N,0.002208,0.02695,0.009064,Y505N
REGN10933,505,Y,Q,0.003862,0.02695,0.009064,Y505Q
REGN10933,505,Y,W,0.00626,0.02695,0.009064,Y505W
REGN10933,506,Q,A,0.00329,0.03996,0.02819,Q506A
REGN10933,506,Q,E,0.002471,0.03996,0.02819,Q506E
REGN10933,506,Q,H,0.02819,0.03996,0.02819,Q506H
REGN10933,506,Q,N,0.006009,0.03996,0.02819,Q506N
REGN10933,507,P,A,0.001125,0.001125,0.001125,P507A
REGN10933,508,Y,A,0.0101,0.02779,0.0101,Y508A
REGN10933,508,Y,F,0.003699,0.02779,0.0101,Y508F
REGN10933,508,Y,H,0.001125,0.02779,0.0101,Y508H
REGN10933,508,Y,M,0.002389,0.02779,0.0101,Y508M
REGN10933,508,Y,N,0.003448,0.02779,0.0101,Y508N
REGN10933,508,Y,T,0.003477,0.02779,0.0101,Y508T
REGN10933,508,Y,V,0.001704,0.02779,0.0101,Y508V
REGN10933,508,Y,W,0.001849,0.02779,0.0101,Y508W
REGN10933,510,V,I,0.001125,0.001125,0.001125,V510I
REGN10933,512,V,I,0.001146,0.001146,0.001146,V512I
REGN10933,513,L,I,0.001125,0.004692,0.003567,L513I
REGN10933,513,L,M,0.003567,0.004692,0.003567,L513M
REGN10933,514,S,A,0.001686,0.06274,0.01496,S514A
REGN10933,514,S,C,0.001125,0.06274,0.01496,S514C
REGN10933,514,S,F,0.001125,0.06274,0.01496,S514F
REGN10933,514,S,G,0.005846,0.06274,0.01496,S514G
REGN10933,514,S,H,0.002725,0.06274,0.01496,S514H
REGN10933,514,S,I,0.001125,0.06274,0.01496,S514I
REGN10933,514,S,K,0.004213,0.06274,0.01496,S514K
REGN10933,514,S,L,0.01496,0.06274,0.01496,S514L
REGN10933,514,S,M,0.0138,0.06274,0.01496,S514M
REGN10933,514,S,N,0.002116,0.06274,0.01496,S514N
REGN10933,514,S,Q,0.001125,0.06274,0.01496,S514Q
REGN10933,514,S,R,0.002047,0.06274,0.01496,S514R
REGN10933,514,S,T,0.001125,0.06274,0.01496,S514T
REGN10933,514,S,V,0.003457,0.06274,0.01496,S514V
REGN10933,514,S,W,0.001125,0.06274,0.01496,S514W
REGN10933,514,S,Y,0.005142,0.06274,0.01496,S514Y
REGN10933,515,F,L,0.001479,0.002604,0.001479,F515L
REGN10933,515,F,M,0.001125,0.002604,0.001479,F515M
REGN10933,516,E,D,0.001125,0.02888,0.01644,E516D
REGN10933,516,E,H,0.01644,0.02888,0.01644,E516H
REGN10933,516,E,K,0.001125,0.02888,0.01644,E516K
REGN10933,516,E,N,0.001831,0.02888,0.01644,E516N
REGN10933,516,E,P,0.001125,0.02888,0.01644,E516P
REGN10933,516,E,R,0.001541,0.02888,0.01644,E516R
REGN10933,516,E,S,0.003446,0.02888,0.01644,E516S
REGN10933,516,E,T,0.002249,0.02888,0.01644,E516T
REGN10933,517,L,E,0.02608,0.08278,0.02608,L517E
REGN10933,517,L,H,0.003658,0.08278,0.02608,L517H
REGN10933,517,L,I,0.001125,0.08278,0.02608,L517I
REGN10933,517,L,K,0.0016,0.08278,0.02608,L517K
REGN10933,517,L,M,0.002574,0.08278,0.02608,L517M
REGN10933,517,L,N,0.009821,0.08278,0.02608,L517N
REGN10933,517,L,Q,0.001125,0.08278,0.02608,L517Q
REGN10933,517,L,R,0.00226,0.08278,0.02608,L517R
REGN10933,517,L,S,0.009562,0.08278,0.02608,L517S
REGN10933,517,L,T,0.001125,0.08278,0.02608,L517T
REGN10933,517,L,V,0.02273,0.08278,0.02608,L517V
REGN10933,517,L,Y,0.001125,0.08278,0.02608,L517Y
REGN10933,518,L,F,0.001613,0.04169,0.007945,L518F
REGN10933,518,L,H,0.001125,0.04169,0.007945,L518H
REGN10933,518,L,I,0.001125,0.04169,0.007945,L518I
REGN10933,518,L,K,0.00525,0.04169,0.007945,L518K
REGN10933,518,L,M,0.002463,0.04169,0.007945,L518M
REGN10933,518,L,N,0.001796,0.04169,0.007945,L518N
REGN10933,518,L,P,0.007526,0.04169,0.007945,L518P
REGN10933,518,L,Q,0.002118,0.04169,0.007945,L518Q
REGN10933,518,L,R,0.007945,0.04169,0.007945,L518R
REGN10933,518,L,S,0.001125,0.04169,0.007945,L518S
REGN10933,518,L,T,0.004419,0.04169,0.007945,L518T
REGN10933,518,L,V,0.002934,0.04169,0.007945,L518V
REGN10933,518,L,W,0.001125,0.04169,0.007945,L518W
REGN10933,518,L,Y,0.001125,0.04169,0.007945,L518Y
REGN10933,519,H,C,0.001125,0.0621,0.0249,H519C
REGN10933,519,H,D,0.002821,0.0621,0.0249,H519D
REGN10933,519,H,F,0.01065,0.0621,0.0249,H519F
REGN10933,519,H,I,0.0249,0.0621,0.0249,H519I
REGN10933,519,H,L,0.001125,0.0621,0.0249,H519L
REGN10933,519,H,N,0.001125,0.0621,0.0249,H519N
REGN10933,519,H,P,0.00382,0.0621,0.0249,H519P
REGN10933,519,H,Q,0.001125,0.0621,0.0249,H519Q
REGN10933,519,H,R,0.00732,0.0621,0.0249,H519R
REGN10933,519,H,S,0.001125,0.0621,0.0249,H519S
REGN10933,519,H,T,0.003845,0.0621,0.0249,H519T
REGN10933,519,H,V,0.001975,0.0621,0.0249,H519V
REGN10933,519,H,Y,0.001138,0.0621,0.0249,H519Y
REGN10933,520,A,C,0.005428,0.1025,0.05017,A520C
REGN10933,520,A,D,0.004711,0.1025,0.05017,A520D
REGN10933,520,A,E,0.001125,0.1025,0.05017,A520E
REGN10933,520,A,F,0.05017,0.1025,0.05017,A520F
REGN10933,520,A,G,0.002746,0.1025,0.05017,A520G
REGN10933,520,A,H,0.006024,0.1025,0.05017,A520H
REGN10933,520,A,I,0.001125,0.1025,0.05017,A520I
REGN10933,520,A,K,0.002708,0.1025,0.05017,A520K
REGN10933,520,A,L,0.001125,0.1025,0.05017,A520L
REGN10933,520,A,M,0.001452,0.1025,0.05017,A520M
REGN10933,520,A,N,0.001834,0.1025,0.05017,A520N
REGN10933,520,A,P,0.01349,0.1025,0.05017,A520P
REGN10933,520,A,R,0.001125,0.1025,0.05017,A520R
REGN10933,520,A,S,0.0027,0.1025,0.05017,A520S
REGN10933,520,A,T,0.001444,0.1025,0.05017,A520T
REGN10933,520,A,V,0.002662,0.1025,0.05017,A520V
REGN10933,520,A,Y,0.0026,0.1025,0.05017,A520Y
REGN10933,521,P,C,0.002249,0.02399,0.008694,P521C
REGN10933,521,P,F,0.001184,0.02399,0.008694,P521F
REGN10933,521,P,G,0.002332,0.02399,0.008694,P521G
REGN10933,521,P,H,0.001125,0.02399,0.008694,P521H
REGN10933,521,P,N,0.002346,0.02399,0.008694,P521N
REGN10933,521,P,R,0.004886,0.02399,0.008694,P521R
REGN10933,521,P,S,0.001171,0.02399,0.008694,P521S
REGN10933,521,P,T,0.008694,0.02399,0.008694,P521T
REGN10933,522,A,C,0.004706,0.04478,0.008176,A522C
REGN10933,522,A,D,0.001125,0.04478,0.008176,A522D
REGN10933,522,A,E,0.006259,0.04478,0.008176,A522E
REGN10933,522,A,G,0.001125,0.04478,0.008176,A522G
REGN10933,522,A,H,0.005238,0.04478,0.008176,A522H
REGN10933,522,A,I,0.001125,0.04478,0.008176,A522I
REGN10933,522,A,K,0.005305,0.04478,0.008176,A522K
REGN10933,522,A,L,0.001125,0.04478,0.008176,A522L
REGN10933,522,A,M,0.001125,0.04478,0.008176,A522M
REGN10933,522,A,P,0.001125,0.04478,0.008176,A522P
REGN10933,522,A,R,0.001125,0.04478,0.008176,A522R
REGN10933,522,A,S,0.001776,0.04478,0.008176,A522S
REGN10933,522,A,T,0.008176,0.04478,0.008176,A522T
REGN10933,522,A,V,0.0032,0.04478,0.008176,A522V
REGN10933,522,A,W,0.001125,0.04478,0.008176,A522W
REGN10933,522,A,Y,0.001125,0.04478,0.008176,A522Y
REGN10933,523,T,I,0.001125,0.01162,0.0105,T523I
REGN10933,523,T,Y,0.0105,0.01162,0.0105,T523Y
REGN10933,524,V,A,0.001125,0.01603,0.0105,V524A
REGN10933,524,V,G,0.0105,0.01603,0.0105,V524G
REGN10933,524,V,I,0.004403,0.01603,0.0105,V524I
REGN10933,525,C,A,0.004412,0.0246,0.01031,C525A
REGN10933,525,C,F,0.001125,0.0246,0.01031,C525F
REGN10933,525,C,I,0.001734,0.0246,0.01031,C525I
REGN10933,525,C,L,0.00216,0.0246,0.01031,C525L
REGN10933,525,C,N,0.003737,0.0246,0.01031,C525N
REGN10933,525,C,R,0.001125,0.0246,0.01031,C525R
REGN10933,525,C,S,0.01031,0.0246,0.01031,C525S
REGN10933,526,G,A,0.006919,0.02465,0.006919,G526A
REGN10933,526,G,D,0.004101,0.02465,0.006919,G526D
REGN10933,526,G,E,0.00349,0.02465,0.006919,G526E
REGN10933,526,G,L,0.001125,0.02465,0.006919,G526L
REGN10933,526,G,N,0.002648,0.02465,0.006919,G526N
REGN10933,526,G,P,0.001125,0.02465,0.006919,G526P
REGN10933,526,G,R,0.001871,0.02465,0.006919,G526R
REGN10933,526,G,S,0.001125,0.02465,0.006919,G526S
REGN10933,526,G,V,0.001125,0.02465,0.006919,G526V
REGN10933,526,G,W,0.001125,0.02465,0.006919,G526W
REGN10933,527,P,A,0.002405,0.04948,0.01043,P527A
REGN10933,527,P,C,0.006269,0.04948,0.01043,P527C
REGN10933,527,P,E,0.009839,0.04948,0.01043,P527E
REGN10933,527,P,F,0.001125,0.04948,0.01043,P527F
REGN10933,527,P,G,0.001125,0.04948,0.01043,P527G
REGN10933,527,P,H,0.004532,0.04948,0.01043,P527H
REGN10933,527,P,I,0.001125,0.04948,0.01043,P527I
REGN10933,527,P,K,0.00177,0.04948,0.01043,P527K
REGN10933,527,P,L,0.001125,0.04948,0.01043,P527L
REGN10933,527,P,M,0.001125,0.04948,0.01043,P527M
REGN10933,527,P,N,0.001878,0.04948,0.01043,P527N
REGN10933,527,P,Q,0.001125,0.04948,0.01043,P527Q
REGN10933,527,P,R,0.001327,0.04948,0.01043,P527R
REGN10933,527,P,S,0.001125,0.04948,0.01043,P527S
REGN10933,527,P,T,0.01043,0.04948,0.01043,P527T
REGN10933,527,P,V,0.002036,0.04948,0.01043,P527V
REGN10933,527,P,Y,0.001125,0.04948,0.01043,P527Y
REGN10933,528,K,A,0.003893,0.05909,0.01491,K528A
REGN10933,528,K,C,0.006349,0.05909,0.01491,K528C
REGN10933,528,K,D,0.001546,0.05909,0.01491,K528D
REGN10933,528,K,E,0.002691,0.05909,0.01491,K528E
REGN10933,528,K,G,0.003925,0.05909,0.01491,K528G
REGN10933,528,K,H,0.01491,0.05909,0.01491,K528H
REGN10933,528,K,I,0.00198,0.05909,0.01491,K528I
REGN10933,528,K,L,0.00305,0.05909,0.01491,K528L
REGN10933,528,K,M,0.001125,0.05909,0.01491,K528M
REGN10933,528,K,N,0.001337,0.05909,0.01491,K528N
REGN10933,528,K,P,0.001125,0.05909,0.01491,K528P
REGN10933,528,K,Q,0.001859,0.05909,0.01491,K528Q
REGN10933,528,K,R,0.003701,0.05909,0.01491,K528R
REGN10933,528,K,S,0.001125,0.05909,0.01491,K528S
REGN10933,528,K,T,0.00358,0.05909,0.01491,K528T
REGN10933,528,K,V,0.00358,0.05909,0.01491,K528V
REGN10933,528,K,W,0.002097,0.05909,0.01491,K528W
REGN10933,528,K,Y,0.001219,0.05909,0.01491,K528Y
REGN10933,529,K,C,0.002273,0.04285,0.0105,K529C
REGN10933,529,K,D,0.001136,0.04285,0.0105,K529D
REGN10933,529,K,E,0.001125,0.04285,0.0105,K529E
REGN10933,529,K,F,0.001125,0.04285,0.0105,K529F
REGN10933,529,K,G,0.001125,0.04285,0.0105,K529G
REGN10933,529,K,H,0.001125,0.04285,0.0105,K529H
REGN10933,529,K,I,0.001513,0.04285,0.0105,K529I
REGN10933,529,K,L,0.001125,0.04285,0.0105,K529L
REGN10933,529,K,M,0.002781,0.04285,0.0105,K529M
REGN10933,529,K,N,0.001125,0.04285,0.0105,K529N
REGN10933,529,K,P,0.001125,0.04285,0.0105,K529P
REGN10933,529,K,Q,0.001125,0.04285,0.0105,K529Q
REGN10933,529,K,R,0.001125,0.04285,0.0105,K529R
REGN10933,529,K,S,0.003182,0.04285,0.0105,K529S
REGN10933,529,K,T,0.0105,0.04285,0.0105,K529T
REGN10933,529,K,V,0.001125,0.04285,0.0105,K529V
REGN10933,529,K,W,0.001125,0.04285,0.0105,K529W
REGN10933,529,K,Y,0.009094,0.04285,0.0105,K529Y
REGN10933,530,S,A,0.001828,0.064,0.02688,S530A
REGN10933,530,S,C,0.001861,0.064,0.02688,S530C
REGN10933,530,S,D,0.001125,0.064,0.02688,S530D
REGN10933,530,S,E,0.02688,0.064,0.02688,S530E
REGN10933,530,S,F,0.001125,0.064,0.02688,S530F
REGN10933,530,S,G,0.005114,0.064,0.02688,S530G
REGN10933,530,S,H,0.001286,0.064,0.02688,S530H
REGN10933,530,S,I,0.004329,0.064,0.02688,S530I
REGN10933,530,S,K,0.001277,0.064,0.02688,S530K
REGN10933,530,S,L,0.001125,0.064,0.02688,S530L
REGN10933,530,S,M,0.00405,0.064,0.02688,S530M
REGN10933,530,S,N,0.001125,0.064,0.02688,S530N
REGN10933,530,S,P,0.001125,0.064,0.02688,S530P
REGN10933,530,S,Q,0.001125,0.064,0.02688,S530Q
REGN10933,530,S,R,0.001125,0.064,0.02688,S530R
REGN10933,530,S,T,0.006129,0.064,0.02688,S530T
REGN10933,530,S,V,0.001125,0.064,0.02688,S530V
REGN10933,530,S,W,0.001125,0.064,0.02688,S530W
REGN10933,530,S,Y,0.001125,0.064,0.02688,S530Y
REGN10933,531,T,A,0.004197,0.0641,0.01125,T531A
REGN10933,531,T,C,0.001125,0.0641,0.01125,T531C
REGN10933,531,T,D,0.005573,0.0641,0.01125,T531D
REGN10933,531,T,E,0.001125,0.0641,0.01125,T531E
REGN10933,531,T,F,0.001672,0.0641,0.01125,T531F
REGN10933,531,T,G,0.007998,0.0641,0.01125,T531G
REGN10933,531,T,H,0.001125,0.0641,0.01125,T531H
REGN10933,531,T,I,0.004738,0.0641,0.01125,T531I
REGN10933,531,T,K,0.001672,0.0641,0.01125,T531K
REGN10933,531,T,L,0.003033,0.0641,0.01125,T531L
REGN10933,531,T,M,0.001125,0.0641,0.01125,T531M
REGN10933,531,T,N,0.003722,0.0641,0.01125,T531N
REGN10933,531,T,P,0.001125,0.0641,0.01125,T531P
REGN10933,531,T,Q,0.008619,0.0641,0.01125,T531Q
REGN10933,531,T,R,0.0022,0.0641,0.01125,T531R
REGN10933,531,T,S,0.01125,0.0641,0.01125,T531S
REGN10933,531,T,V,0.001233,0.0641,0.01125,T531V
REGN10933,531,T,W,0.001125,0.0641,0.01125,T531W
REGN10933,531,T,Y,0.001437,0.0641,0.01125,T531Y
